{"nm":"28-calendar-outline","ddd":0,"h":500,"w":500,"meta":{"g":"@lottiefiles/toolkit-js 0.26.1"},"layers":[{"ty":3,"nm":"Color  & Stroke Change","sr":1,"st":0,"op":120,"ip":0,"hd":false,"ddd":0,"bm":0,"hasMask":false,"ao":0,"ks":{"a":{"a":0,"k":[0,0,0],"ix":1},"s":{"a":0,"k":[100,100,100],"ix":6},"sk":{"a":0,"k":0},"p":{"a":0,"k":[0,0],"ix":2},"r":{"a":0,"k":0,"ix":10},"sa":{"a":0,"k":0},"o":{"a":0,"k":0,"ix":11}},"ef":[{"ty":0,"mn":"ADBE Color Control","nm":"Color 1","ix":1,"en":1,"ef":[{"ty":2,"mn":"ADBE Color Control-0001","nm":"Color","ix":1,"v":{"a":0,"k":[0.098,0.4627,0.8235],"ix":1}}]},{"ty":0,"mn":"ADBE Color Control","nm":"Color 2","ix":2,"en":1,"ef":[{"ty":2,"mn":"ADBE Color Control-0001","nm":"Color","ix":1,"v":{"a":0,"k":[0.4196,0.149,0.2039],"ix":1}}]},{"ty":0,"mn":"ADBE Slider Control","nm":"Slider Control","ix":3,"en":1,"ef":[{"ty":0,"mn":"ADBE Slider Control-0001","nm":"Slider","ix":1,"v":{"a":0,"k":100,"ix":1}}]}],"ind":1},{"ty":3,"nm":"NULL","sr":1,"st":0,"op":120,"ip":0,"hd":false,"ddd":0,"bm":0,"hasMask":false,"ao":0,"ks":{"a":{"a":0,"k":[60,60,0],"ix":1},"s":{"a":0,"k":[45.5,45.5,100],"ix":6},"sk":{"a":0,"k":0},"p":{"a":1,"k":[{"o":{"x":0.333,"y":0},"i":{"x":0,"y":1},"s":[250,250,0],"t":0,"ti":[0,0,0],"to":[0,0,0]},{"o":{"x":1,"y":0},"i":{"x":0.833,"y":0.833},"s":[254.37500000000003,241.25,0],"t":3,"ti":[0,0,0],"to":[0,0,0]},{"o":{"x":0.167,"y":0.167},"i":{"x":0.667,"y":1},"s":[250,258.75,0],"t":5,"ti":[0,0,0],"to":[0,0,0]},{"s":[250,250,0],"t":7}],"ix":2},"r":{"a":1,"k":[{"o":{"x":0.333,"y":0},"i":{"x":0,"y":1},"s":[0],"t":0},{"o":{"x":1,"y":0},"i":{"x":0.833,"y":0.833},"s":[4],"t":3},{"o":{"x":0.167,"y":0.167},"i":{"x":0.667,"y":1},"s":[-2],"t":5},{"s":[0],"t":7}],"ix":10},"sa":{"a":0,"k":0},"o":{"a":0,"k":0,"ix":11}},"ef":[],"ind":2},{"ty":4,"nm":"Warstwa 5","sr":1,"st":0,"op":120,"ip":0,"hd":false,"ddd":0,"bm":0,"hasMask":false,"ao":0,"ks":{"a":{"a":0,"k":[33.214,-44.119,0],"ix":1},"s":{"a":0,"k":[707.692,707.692,100],"ix":6},"sk":{"a":0,"k":0},"p":{"a":0,"k":[295.055,-252.228,0],"ix":2},"r":{"a":0,"k":0,"ix":10},"sa":{"a":0,"k":0},"o":{"a":0,"k":100,"ix":11}},"ef":[],"shapes":[{"ty":"gr","bm":0,"hd":false,"mn":"ADBE Vector Group","nm":"Group 1","ix":1,"cix":2,"np":2,"it":[{"ty":"sh","bm":0,"hd":false,"mn":"ADBE Vector Shape - Group","nm":"Path 1","ix":1,"d":1,"ks":{"a":0,"k":{"c":true,"i":[[0,0],[0,0],[0,0],[0,0]],"o":[[0,0],[0,0],[0,0],[0,0]],"v":[[40,-38.138],[26.429,-38.138],[26.429,-50.1],[40,-50.1]]},"ix":2}},{"ty":"st","bm":0,"hd":false,"mn":"ADBE Vector Graphic - Stroke","nm":"Stroke 1","lc":2,"lj":2,"ml":1,"o":{"a":0,"k":100,"ix":4},"w":{"a":0,"k":5,"ix":5},"c":{"a":0,"k":[0.1686,0.1686,0.1686],"ix":3}},{"ty":"tr","a":{"a":0,"k":[0,0],"ix":1},"s":{"a":0,"k":[100,100],"ix":3},"sk":{"a":0,"k":0,"ix":4},"p":{"a":0,"k":[0,0],"ix":2},"r":{"a":0,"k":0,"ix":6},"sa":{"a":0,"k":0,"ix":5},"o":{"a":0,"k":100,"ix":7}}]}],"ind":3,"parent":2},{"ty":4,"nm":"Warstwa 4","sr":1,"st":0,"op":120,"ip":0,"hd":false,"ddd":0,"bm":0,"hasMask":false,"ao":0,"ks":{"a":{"a":0,"k":[-33.214,-44.119,0],"ix":1},"s":{"a":0,"k":[707.692,707.692,100],"ix":6},"sk":{"a":0,"k":0},"p":{"a":0,"k":[-175.055,-252.228,0],"ix":2},"r":{"a":0,"k":0,"ix":10},"sa":{"a":0,"k":0},"o":{"a":0,"k":100,"ix":11}},"ef":[],"shapes":[{"ty":"gr","bm":0,"hd":false,"mn":"ADBE Vector Group","nm":"Group 1","ix":1,"cix":2,"np":2,"it":[{"ty":"sh","bm":0,"hd":false,"mn":"ADBE Vector Shape - Group","nm":"Path 1","ix":1,"d":1,"ks":{"a":0,"k":{"c":true,"i":[[0,0],[0,0],[0,0],[0,0]],"o":[[0,0],[0,0],[0,0],[0,0]],"v":[[-26.429,-38.138],[-40,-38.138],[-40,-50.1],[-26.429,-50.1]]},"ix":2}},{"ty":"st","bm":0,"hd":false,"mn":"ADBE Vector Graphic - Stroke","nm":"Stroke 1","lc":2,"lj":2,"ml":1,"o":{"a":0,"k":100,"ix":4},"w":{"a":0,"k":5,"ix":5},"c":{"a":0,"k":[0.1686,0.1686,0.1686],"ix":3}},{"ty":"tr","a":{"a":0,"k":[0,0],"ix":1},"s":{"a":0,"k":[100,100],"ix":3},"sk":{"a":0,"k":0,"ix":4},"p":{"a":0,"k":[0,0],"ix":2},"r":{"a":0,"k":0,"ix":6},"sa":{"a":0,"k":0,"ix":5},"o":{"a":0,"k":100,"ix":7}}]}],"ind":4,"parent":2},{"ty":4,"nm":"Warstwa 6","sr":1,"st":0,"op":120,"ip":0,"hd":false,"ddd":0,"bm":0,"hasMask":false,"ao":0,"ks":{"a":{"a":0,"k":[0,-23.5,0],"ix":1},"s":{"a":0,"k":[707.692,707.692,100],"ix":6},"sk":{"a":0,"k":0},"p":{"a":0,"k":[60,-106.308,0],"ix":2},"r":{"a":0,"k":0,"ix":10},"sa":{"a":0,"k":0},"o":{"a":0,"k":100,"ix":11}},"ef":[],"shapes":[{"ty":"gr","bm":0,"hd":false,"mn":"ADBE Vector Group","nm":"Group 1","ix":1,"cix":2,"np":2,"it":[{"ty":"sh","bm":0,"hd":false,"mn":"ADBE Vector Shape - Group","nm":"Path 1","ix":1,"d":1,"ks":{"a":0,"k":{"c":false,"i":[[0,0],[0,0]],"o":[[0,0],[0,0]],"v":[[50,-23.5],[-50,-23.5]]},"ix":2}},{"ty":"st","bm":0,"hd":false,"mn":"ADBE Vector Graphic - Stroke","nm":"Stroke 1","lc":2,"lj":2,"ml":1,"o":{"a":0,"k":100,"ix":4},"w":{"a":0,"k":5,"ix":5},"c":{"a":0,"k":[0.1686,0.1686,0.1686],"ix":3}},{"ty":"tr","a":{"a":0,"k":[0,0],"ix":1},"s":{"a":0,"k":[100,100],"ix":3},"sk":{"a":0,"k":0,"ix":4},"p":{"a":0,"k":[0,0],"ix":2},"r":{"a":0,"k":0,"ix":6},"sa":{"a":0,"k":0,"ix":5},"o":{"a":0,"k":100,"ix":7}}]}],"ind":5,"parent":2},{"ty":4,"nm":"Warstwa 3","sr":1,"st":0,"op":120,"ip":0,"hd":false,"ddd":0,"bm":0,"hasMask":false,"ao":0,"ks":{"a":{"a":0,"k":[0,5.931,0],"ix":1},"s":{"a":0,"k":[707.692,707.692,100],"ix":6},"sk":{"a":0,"k":0},"p":{"a":0,"k":[60,101.972,0],"ix":2},"r":{"a":0,"k":0,"ix":10},"sa":{"a":0,"k":0},"o":{"a":0,"k":100,"ix":11}},"ef":[],"shapes":[{"ty":"gr","bm":0,"hd":false,"mn":"ADBE Vector Group","nm":"Group 1","ix":1,"cix":2,"np":2,"it":[{"ty":"sh","bm":0,"hd":false,"mn":"ADBE Vector Shape - Group","nm":"Path 1","ix":1,"d":1,"ks":{"a":0,"k":{"c":true,"i":[[0,0],[0,0],[0,0],[0,0]],"o":[[0,0],[0,0],[0,0],[0,0]],"v":[[50,50],[-50,50],[-50,-38.138],[50,-38.138]]},"ix":2}},{"ty":"st","bm":0,"hd":false,"mn":"ADBE Vector Graphic - Stroke","nm":"Stroke 1","lc":2,"lj":2,"ml":1,"o":{"a":0,"k":100,"ix":4},"w":{"a":0,"k":5,"ix":5},"c":{"a":0,"k":[0.1686,0.1686,0.1686],"ix":3}},{"ty":"tr","a":{"a":0,"k":[0,0],"ix":1},"s":{"a":0,"k":[100,100],"ix":3},"sk":{"a":0,"k":0,"ix":4},"p":{"a":0,"k":[0,0],"ix":2},"r":{"a":0,"k":0,"ix":6},"sa":{"a":0,"k":0,"ix":5},"o":{"a":0,"k":100,"ix":7}}]}],"ind":6,"parent":2},{"ty":4,"nm":"Shape Layer 2","sr":1,"st":0,"op":120,"ip":0,"hd":false,"ddd":0,"bm":0,"hasMask":false,"td":1,"ao":0,"ks":{"a":{"a":0,"k":[0,0,0],"ix":1},"s":{"a":0,"k":[769.231,769.231,100],"ix":6},"sk":{"a":0,"k":0},"p":{"a":0,"k":[60,60,0],"ix":2},"r":{"a":0,"k":0,"ix":10},"sa":{"a":0,"k":0},"o":{"a":0,"k":100,"ix":11}},"ef":[],"shapes":[{"ty":"gr","bm":0,"hd":false,"mn":"ADBE Vector Group","nm":"Rectangle 1","ix":1,"cix":2,"np":2,"it":[{"ty":"rc","bm":0,"hd":false,"mn":"ADBE Vector Shape - Rect","nm":"Rectangle Path 1","d":1,"p":{"a":0,"k":[0,0],"ix":3},"r":{"a":0,"k":0,"ix":4},"s":{"a":0,"k":[91.25,66.75],"ix":2}},{"ty":"fl","bm":0,"hd":false,"mn":"ADBE Vector Graphic - Fill","nm":"Fill 1","c":{"a":0,"k":[0,0.0667,1],"ix":4},"r":1,"o":{"a":0,"k":100,"ix":5}},{"ty":"tr","a":{"a":0,"k":[0,0],"ix":1},"s":{"a":0,"k":[100,100],"ix":3},"sk":{"a":0,"k":0,"ix":4},"p":{"a":0,"k":[-0.375,12.125],"ix":2},"r":{"a":0,"k":0,"ix":6},"sa":{"a":0,"k":0,"ix":5},"o":{"a":0,"k":100,"ix":7}}]}],"ind":7,"parent":2},{"ty":0,"nm":"NUMBERS","sr":1,"st":0,"op":120,"ip":0,"hd":false,"ddd":0,"bm":0,"tt":1,"hasMask":false,"ao":0,"ks":{"a":{"a":0,"k":[204.5,4862.5,0],"ix":1},"s":{"a":0,"k":[100,100,100],"ix":6},"sk":{"a":0,"k":0},"p":{"a":0,"k":[205,-4861,0],"ix":2},"r":{"a":0,"k":0,"ix":10},"sa":{"a":0,"k":0},"o":{"a":0,"k":100,"ix":11}},"ef":[],"w":409,"h":9725,"refId":"comp_0","ind":8,"parent":10},{"ty":4,"nm":"Shape Layer 1","sr":1,"st":0,"op":120,"ip":0,"hd":false,"ddd":0,"bm":0,"hasMask":false,"td":1,"ao":0,"ks":{"a":{"a":0,"k":[0,0,0],"ix":1},"s":{"a":0,"k":[769.231,769.231,100],"ix":6},"sk":{"a":0,"k":0},"p":{"a":0,"k":[60,60,0],"ix":2},"r":{"a":0,"k":0,"ix":10},"sa":{"a":0,"k":0},"o":{"a":0,"k":100,"ix":11}},"ef":[],"shapes":[{"ty":"gr","bm":0,"hd":false,"mn":"ADBE Vector Group","nm":"Rectangle 1","ix":1,"cix":2,"np":3,"it":[{"ty":"rc","bm":0,"hd":false,"mn":"ADBE Vector Shape - Rect","nm":"Rectangle Path 1","d":1,"p":{"a":0,"k":[0,0],"ix":3},"r":{"a":0,"k":0,"ix":4},"s":{"a":0,"k":[91.25,66.75],"ix":2}},{"ty":"st","bm":0,"hd":false,"mn":"ADBE Vector Graphic - Stroke","nm":"Stroke 1","lc":1,"lj":1,"ml":4,"o":{"a":0,"k":100,"ix":4},"w":{"a":0,"k":0,"ix":5},"c":{"a":0,"k":[0.0706,0.0745,0.1922],"ix":3}},{"ty":"fl","bm":0,"hd":false,"mn":"ADBE Vector Graphic - Fill","nm":"Fill 1","c":{"a":0,"k":[0,0.0667,1],"ix":4},"r":1,"o":{"a":0,"k":100,"ix":5}},{"ty":"tr","a":{"a":0,"k":[0,0],"ix":1},"s":{"a":0,"k":[100,100],"ix":3},"sk":{"a":0,"k":0,"ix":4},"p":{"a":0,"k":[-0.375,12.125],"ix":2},"r":{"a":0,"k":0,"ix":6},"sa":{"a":0,"k":0,"ix":5},"o":{"a":0,"k":100,"ix":7}}]}],"ind":9,"parent":2},{"ty":0,"nm":"NUMBERS","sr":1,"st":0,"op":120,"ip":0,"hd":false,"ddd":0,"bm":0,"tt":1,"hasMask":false,"ao":0,"ks":{"a":{"a":0,"k":[204.5,4862.5,0],"ix":1},"s":{"a":0,"k":[219.78,219.78,100],"ix":6},"sk":{"a":0,"k":0},"p":{"a":1,"k":[{"o":{"x":0.05,"y":0.052},"i":{"x":0.169,"y":0.974},"s":[59.451,-10153.912,0],"t":5,"ti":[-0.092,-768.649,0],"to":[0.092,3568.556,0]},{"o":{"x":0.333,"y":0.054},"i":{"x":0.667,"y":1},"s":[60,11257.424,0],"t":51,"ti":[0,9.185,0],"to":[-0.458,-24.757,0]},{"o":{"x":0.333,"y":0},"i":{"x":0.667,"y":1},"s":[60,11231.989,0],"t":56,"ti":[0,0.642,0],"to":[0,-1.401,0]},{"s":[60,11235.446,0],"t":61}],"ix":2},"r":{"a":0,"k":0,"ix":10},"sa":{"a":0,"k":0},"o":{"a":0,"k":100,"ix":11}},"ef":[],"w":409,"h":9725,"refId":"comp_0","ind":10,"parent":2}],"v":"5.6.7","fr":12,"op":62,"ip":0,"assets":[{"nm":"","id":"comp_0","layers":[{"ty":4,"nm":"31 Outlines","sr":1,"st":0,"op":120,"ip":0,"hd":false,"ddd":0,"bm":0,"hasMask":false,"ao":0,"ks":{"a":{"a":0,"k":[-4.291,-20.716,0],"ix":1},"s":{"a":0,"k":[454,454,100],"ix":6},"sk":{"a":0,"k":0},"p":{"a":0,"k":[190.934,195.533,0],"ix":2},"r":{"a":0,"k":0,"ix":10},"sa":{"a":0,"k":0},"o":{"a":0,"k":100,"ix":11}},"ef":[],"shapes":[{"ty":"gr","bm":0,"hd":false,"mn":"ADBE Vector Group","nm":"3","ix":1,"cix":2,"np":3,"it":[{"ty":"sh","bm":0,"hd":false,"mn":"ADBE Vector Shape - Group","nm":"3","ix":1,"d":1,"ks":{"a":0,"k":{"c":true,"i":[[0,0],[-4.264,0],[0,6.075],[4.673,0.935],[0,0],[0,3.914],[7.477,0],[1.986,-1.46],[0,0],[-3.037,0],[0,-3.037],[3.738,0],[0,0],[0,0],[0,0],[-0.058,-5.315],[6.6,0],[1.46,0.935]],"o":[[1.869,1.227],[9.112,0],[0,-5.315],[0,0],[4.673,-1.694],[0,-4.614],[-4.089,0],[0,0],[1.635,-1.168],[4.731,0],[0,4.498],[0,0],[0,0],[0,0],[4.965,0],[0.058,3.154],[-3.563,0],[0,0]],"v":[[-27.3,-1.928],[-17.428,0.643],[-3.585,-10.748],[-12.055,-20.502],[-12.055,-20.619],[-5.045,-29.556],[-15.91,-38.609],[-25.84,-35.689],[-24.496,-31.951],[-16.903,-34.462],[-10.244,-28.738],[-18.714,-22.313],[-21.576,-22.313],[-21.576,-18.458],[-18.714,-18.458],[-8.901,-10.864],[-17.487,-3.505],[-25.898,-5.899]]},"ix":2}},{"ty":"fl","bm":0,"hd":false,"mn":"ADBE Vector Graphic - Fill","nm":"Fill 1","c":{"a":0,"k":[0.2,0.7686,0.5059],"ix":4},"r":1,"o":{"a":0,"k":100,"ix":5}},{"ty":"tr","a":{"a":0,"k":[0,0],"ix":1},"s":{"a":0,"k":[100,100],"ix":3},"sk":{"a":0,"k":0,"ix":4},"p":{"a":0,"k":[0,0],"ix":2},"r":{"a":0,"k":0,"ix":6},"sa":{"a":0,"k":0,"ix":5},"o":{"a":0,"k":100,"ix":7}}]},{"ty":"gr","bm":0,"hd":false,"mn":"ADBE Vector Group","nm":"1","ix":2,"cix":2,"np":3,"it":[{"ty":"sh","bm":0,"hd":false,"mn":"ADBE Vector Shape - Group","nm":"1","ix":1,"d":1,"ks":{"a":0,"k":{"c":true,"i":[[0,0],[0,0],[0,0],[0,0],[0,0],[0,0],[0,0],[0,0]],"o":[[0,0],[0,0],[0,0],[0,0],[0,0],[0,0],[0,0],[0,0]],"v":[[13.785,0],[18.75,0],[18.75,-37.967],[14.369,-37.967],[6.075,-33.528],[7.068,-29.614],[13.668,-33.177],[13.785,-33.177]]},"ix":2}},{"ty":"fl","bm":0,"hd":false,"mn":"ADBE Vector Graphic - Fill","nm":"Fill 1","c":{"a":0,"k":[0.2,0.7686,0.5059],"ix":4},"r":1,"o":{"a":0,"k":100,"ix":5}},{"ty":"tr","a":{"a":0,"k":[0,0],"ix":1},"s":{"a":0,"k":[100,100],"ix":3},"sk":{"a":0,"k":0,"ix":4},"p":{"a":0,"k":[0,0],"ix":2},"r":{"a":0,"k":0,"ix":6},"sa":{"a":0,"k":0,"ix":5},"o":{"a":0,"k":100,"ix":7}}]}],"ind":1},{"ty":4,"nm":"2 Outlines","sr":1,"st":0,"op":120,"ip":0,"hd":false,"ddd":0,"bm":0,"hasMask":false,"ao":0,"ks":{"a":{"a":0,"k":[0.028,-21,0],"ix":1},"s":{"a":0,"k":[454,454,100],"ix":6},"sk":{"a":0,"k":0},"p":{"a":0,"k":[192.83,9225.277,0],"ix":2},"r":{"a":0,"k":0,"ix":10},"sa":{"a":0,"k":0},"o":{"a":0,"k":100,"ix":11}},"ef":[],"shapes":[{"ty":"gr","bm":0,"hd":false,"mn":"ADBE Vector Group","nm":"2","ix":1,"cix":2,"np":3,"it":[{"ty":"sh","bm":0,"hd":false,"mn":"ADBE Vector Shape - Group","nm":"2","ix":1,"d":1,"ks":{"a":0,"k":{"c":true,"i":[[0,0],[0,0],[0,0],[0,0],[0,0],[0,7.009],[8.177,0],[2.628,-2.22],[0,0],[-3.446,0],[0,-3.855],[9.696,-9.229],[0,0],[0,0]],"o":[[0,0],[0,0],[0,0],[0,0],[8.002,-7.71],[0,-5.432],[-4.381,0],[0,0],[1.752,-1.46],[5.666,0],[-0.058,5.724],[0,0],[0,0],[0,0]],"v":[[11.992,0],[11.992,-4.264],[-5.064,-4.264],[-5.064,-4.381],[-2.026,-7.185],[11.058,-27.57],[-0.566,-38.609],[-11.314,-34.754],[-9.678,-31.133],[-1.617,-34.345],[5.918,-26.927],[-8.218,-7.068],[-12.248,-3.154],[-12.248,0]]},"ix":2}},{"ty":"fl","bm":0,"hd":false,"mn":"ADBE Vector Graphic - Fill","nm":"Fill 1","c":{"a":0,"k":[0.2,0.7686,0.5059],"ix":4},"r":1,"o":{"a":0,"k":100,"ix":5}},{"ty":"tr","a":{"a":0,"k":[0,0],"ix":1},"s":{"a":0,"k":[100,100],"ix":3},"sk":{"a":0,"k":0,"ix":4},"p":{"a":0,"k":[0,0],"ix":2},"r":{"a":0,"k":0,"ix":6},"sa":{"a":0,"k":0,"ix":5},"o":{"a":0,"k":100,"ix":7}}]}],"ind":2},{"ty":4,"nm":"3 Outlines","sr":1,"st":0,"op":120,"ip":0,"hd":false,"ddd":0,"bm":0,"hasMask":false,"ao":0,"ks":{"a":{"a":0,"k":[-0.198,-20.716,0],"ix":1},"s":{"a":0,"k":[454,454,100],"ix":6},"sk":{"a":0,"k":0},"p":{"a":0,"k":[192.83,8913.906,0],"ix":2},"r":{"a":0,"k":0,"ix":10},"sa":{"a":0,"k":0},"o":{"a":0,"k":100,"ix":11}},"ef":[],"shapes":[{"ty":"gr","bm":0,"hd":false,"mn":"ADBE Vector Group","nm":"3","ix":1,"cix":2,"np":3,"it":[{"ty":"sh","bm":0,"hd":false,"mn":"ADBE Vector Shape - Group","nm":"3","ix":1,"d":1,"ks":{"a":0,"k":{"c":true,"i":[[0,0],[-4.264,0],[0,6.075],[4.673,0.935],[0,0],[0,3.914],[7.477,0],[1.986,-1.46],[0,0],[-3.037,0],[0,-3.037],[3.738,0],[0,0],[0,0],[0,0],[-0.058,-5.315],[6.6,0],[1.46,0.935]],"o":[[1.869,1.227],[9.112,0],[0,-5.315],[0,0],[4.673,-1.694],[0,-4.614],[-4.089,0],[0,0],[1.635,-1.168],[4.731,0],[0,4.498],[0,0],[0,0],[0,0],[4.965,0],[0.058,3.154],[-3.563,0],[0,0]],"v":[[-12.423,-1.928],[-2.552,0.643],[11.291,-10.748],[2.822,-20.502],[2.822,-20.619],[9.831,-29.556],[-1.033,-38.609],[-10.963,-35.689],[-9.62,-31.951],[-2.026,-34.462],[4.633,-28.738],[-3.837,-22.313],[-6.699,-22.313],[-6.699,-18.458],[-3.837,-18.458],[5.976,-10.864],[-2.61,-3.505],[-11.021,-5.899]]},"ix":2}},{"ty":"fl","bm":0,"hd":false,"mn":"ADBE Vector Graphic - Fill","nm":"Fill 1","c":{"a":0,"k":[0.2,0.7686,0.5059],"ix":4},"r":1,"o":{"a":0,"k":100,"ix":5}},{"ty":"tr","a":{"a":0,"k":[0,0],"ix":1},"s":{"a":0,"k":[100,100],"ix":3},"sk":{"a":0,"k":0,"ix":4},"p":{"a":0,"k":[0,0],"ix":2},"r":{"a":0,"k":0,"ix":6},"sa":{"a":0,"k":0,"ix":5},"o":{"a":0,"k":100,"ix":7}}]}],"ind":3},{"ty":4,"nm":"4 Outlines","sr":1,"st":0,"op":120,"ip":0,"hd":false,"ddd":0,"bm":0,"hasMask":false,"ao":0,"ks":{"a":{"a":0,"k":[0.042,-20.759,0],"ix":1},"s":{"a":0,"k":[454,454,100],"ix":6},"sk":{"a":0,"k":0},"p":{"a":0,"k":[192.83,8602.536,0],"ix":2},"r":{"a":0,"k":0,"ix":10},"sa":{"a":0,"k":0},"o":{"a":0,"k":100,"ix":11}},"ef":[],"shapes":[{"ty":"gr","bm":0,"hd":false,"mn":"ADBE Vector Group","nm":"4","ix":1,"cix":2,"np":5,"it":[{"ty":"sh","bm":0,"hd":false,"mn":"ADBE Vector Shape - Group","nm":"4","ix":1,"d":1,"ks":{"a":0,"k":{"c":true,"i":[[0,0],[0,0],[0,0],[0,0],[0,0],[0,0],[0,0],[0,0],[0,0],[0,0],[0,0]],"o":[[0,0],[0,0],[0,0],[0,0],[0,0],[0,0],[0,0],[0,0],[0,0],[0,0],[0,0]],"v":[[8.488,0],[8.488,-10.339],[13.803,-10.339],[13.803,-14.369],[8.488,-14.369],[8.488,-37.967],[2.939,-37.967],[-14,-13.727],[-14,-10.339],[3.64,-10.339],[3.64,0]]},"ix":2}},{"ty":"sh","bm":0,"hd":false,"mn":"ADBE Vector Shape - Group","nm":"4","ix":2,"d":1,"ks":{"a":0,"k":{"c":true,"i":[[0,0],[0,0],[0,0],[-1.168,2.22],[0,0],[0,-1.986],[0,0]],"o":[[0,0],[0,0],[1.051,-1.752],[0,0],[-0.117,1.986],[0,0],[0,0]],"v":[[-8.802,-14.369],[-8.802,-14.486],[0.485,-27.395],[3.64,-33.002],[3.815,-33.002],[3.64,-27.044],[3.64,-14.369]]},"ix":2}},{"ty":"mm","bm":0,"hd":false,"mn":"ADBE Vector Filter - Merge","nm":"Merge Paths 1","mm":1},{"ty":"fl","bm":0,"hd":false,"mn":"ADBE Vector Graphic - Fill","nm":"Fill 1","c":{"a":0,"k":[0.2,0.7686,0.5059],"ix":4},"r":1,"o":{"a":0,"k":100,"ix":5}},{"ty":"tr","a":{"a":0,"k":[0,0],"ix":1},"s":{"a":0,"k":[100,100],"ix":3},"sk":{"a":0,"k":0,"ix":4},"p":{"a":0,"k":[0,0],"ix":2},"r":{"a":0,"k":0,"ix":6},"sa":{"a":0,"k":0,"ix":5},"o":{"a":0,"k":100,"ix":7}}]}],"ind":4},{"ty":4,"nm":"5 Outlines","sr":1,"st":0,"op":120,"ip":0,"hd":false,"ddd":0,"bm":0,"hasMask":false,"ao":0,"ks":{"a":{"a":0,"k":[0.184,-20.419,0],"ix":1},"s":{"a":0,"k":[454,454,100],"ix":6},"sk":{"a":0,"k":0},"p":{"a":0,"k":[192.83,8291.165,0],"ix":2},"r":{"a":0,"k":0,"ix":10},"sa":{"a":0,"k":0},"o":{"a":0,"k":100,"ix":11}},"ef":[],"shapes":[{"ty":"gr","bm":0,"hd":false,"mn":"ADBE Vector Group","nm":"5","ix":1,"cix":2,"np":3,"it":[{"ty":"sh","bm":0,"hd":false,"mn":"ADBE Vector Shape - Group","nm":"5","ix":1,"d":1,"ks":{"a":0,"k":{"c":true,"i":[[0,0],[0,0],[0,0],[-2.161,0],[-0.058,-4.906],[4.848,0],[1.577,0.935],[0,0],[-4.147,0],[0,7.418],[2.979,1.694],[2.921,0],[0.876,-0.117],[0,0],[0,0]],"o":[[0,0],[0,0],[1.402,-0.175],[7.593,0],[0,5.082],[-3.446,0],[0,0],[1.811,1.168],[8.236,0],[0,-4.79],[-2.336,-1.402],[-1.402,0],[0,0],[0,0],[0,0]],"v":[[10.415,-37.967],[-7.75,-37.967],[-10.204,-19.743],[-4.947,-20.152],[5.976,-11.741],[-3.019,-3.505],[-11.138,-5.607],[-12.423,-1.694],[-2.961,0.643],[11.175,-12.325],[5.742,-22.079],[-2.435,-24.124],[-5.531,-23.89],[-4.071,-33.645],[10.415,-33.645]]},"ix":2}},{"ty":"fl","bm":0,"hd":false,"mn":"ADBE Vector Graphic - Fill","nm":"Fill 1","c":{"a":0,"k":[0.2,0.7686,0.5059],"ix":4},"r":1,"o":{"a":0,"k":100,"ix":5}},{"ty":"tr","a":{"a":0,"k":[0,0],"ix":1},"s":{"a":0,"k":[100,100],"ix":3},"sk":{"a":0,"k":0,"ix":4},"p":{"a":0,"k":[0,0],"ix":2},"r":{"a":0,"k":0,"ix":6},"sa":{"a":0,"k":0,"ix":5},"o":{"a":0,"k":100,"ix":7}}]}],"ind":5},{"ty":4,"nm":"6 Outlines","sr":1,"st":0,"op":120,"ip":0,"hd":false,"ddd":0,"bm":0,"hasMask":false,"ao":0,"ks":{"a":{"a":0,"k":[0.17,-20.688,0],"ix":1},"s":{"a":0,"k":[454,454,100],"ix":6},"sk":{"a":0,"k":0},"p":{"a":0,"k":[192.83,7979.795,0],"ix":2},"r":{"a":0,"k":0,"ix":10},"sa":{"a":0,"k":0},"o":{"a":0,"k":100,"ix":11}},"ef":[],"shapes":[{"ty":"gr","bm":0,"hd":false,"mn":"ADBE Vector Group","nm":"6","ix":1,"cix":2,"np":5,"it":[{"ty":"sh","bm":0,"hd":false,"mn":"ADBE Vector Shape - Group","nm":"6","ix":1,"d":1,"ks":{"a":0,"k":{"c":true,"i":[[0,0],[1.519,-0.234],[3.154,-3.096],[0,-7.477],[-8.119,0],[0,6.951],[6.717,0],[1.811,-2.395],[0,0],[-8.061,1.343],[-1.051,-0.058]],"o":[[-0.935,0],[-4.79,0.584],[-3.738,3.738],[0,9.871],[7.885,0],[0,-7.418],[-4.206,0],[0,0],[0.876,-6.25],[1.46,-0.234],[0,0]],"v":[[9.422,-38.551],[5.684,-38.259],[-6.465,-32.652],[-12.891,-15.537],[0.544,0.643],[13.161,-12.734],[1.712,-25],[-7.458,-20.619],[-7.634,-20.619],[5.567,-34.112],[9.422,-34.345]]},"ix":2}},{"ty":"sh","bm":0,"hd":false,"mn":"ADBE Vector Shape - Group","nm":"6","ix":2,"d":1,"ks":{"a":0,"k":{"c":true,"i":[[4.439,0],[0.117,6.25],[-0.35,0.584],[-3.096,0],[0,-5.432]],"o":[[-5.374,0],[0,-0.935],[1.402,-2.745],[4.731,0],[0,5.432]],"v":[[0.544,-3.329],[-7.809,-14.194],[-7.225,-16.472],[0.135,-21.145],[7.962,-12.441]]},"ix":2}},{"ty":"mm","bm":0,"hd":false,"mn":"ADBE Vector Filter - Merge","nm":"Merge Paths 1","mm":1},{"ty":"fl","bm":0,"hd":false,"mn":"ADBE Vector Graphic - Fill","nm":"Fill 1","c":{"a":0,"k":[0.2,0.7686,0.5059],"ix":4},"r":1,"o":{"a":0,"k":100,"ix":5}},{"ty":"tr","a":{"a":0,"k":[0,0],"ix":1},"s":{"a":0,"k":[100,100],"ix":3},"sk":{"a":0,"k":0,"ix":4},"p":{"a":0,"k":[0,0],"ix":2},"r":{"a":0,"k":0,"ix":6},"sa":{"a":0,"k":0,"ix":5},"o":{"a":0,"k":100,"ix":7}}]}],"ind":6},{"ty":4,"nm":"7 Outlines","sr":1,"st":0,"op":120,"ip":0,"hd":false,"ddd":0,"bm":0,"hasMask":false,"ao":0,"ks":{"a":{"a":0,"k":[-0.142,-20.674,0],"ix":1},"s":{"a":0,"k":[454,454,100],"ix":6},"sk":{"a":0,"k":0},"p":{"a":0,"k":[192.83,7668.424,0],"ix":2},"r":{"a":0,"k":0,"ix":10},"sa":{"a":0,"k":0},"o":{"a":0,"k":100,"ix":11}},"ef":[],"shapes":[{"ty":"gr","bm":0,"hd":false,"mn":"ADBE Vector Group","nm":"7","ix":1,"cix":2,"np":3,"it":[{"ty":"sh","bm":0,"hd":false,"mn":"ADBE Vector Shape - Group","nm":"7","ix":1,"d":1,"ks":{"a":0,"k":{"c":true,"i":[[0,0],[0,0],[0,0],[0,0],[0,0],[0,0],[0,0],[0,0]],"o":[[0,0],[0,0],[0,0],[0,0],[0,0],[0,0],[0,0],[0,0]],"v":[[-11.547,-37.967],[-11.547,-33.703],[7.027,-33.703],[7.027,-33.586],[-9.444,0],[-4.129,0],[12.401,-34.579],[12.401,-37.967]]},"ix":2}},{"ty":"fl","bm":0,"hd":false,"mn":"ADBE Vector Graphic - Fill","nm":"Fill 1","c":{"a":0,"k":[0.2,0.7686,0.5059],"ix":4},"r":1,"o":{"a":0,"k":100,"ix":5}},{"ty":"tr","a":{"a":0,"k":[0,0],"ix":1},"s":{"a":0,"k":[100,100],"ix":3},"sk":{"a":0,"k":0,"ix":4},"p":{"a":0,"k":[0,0],"ix":2},"r":{"a":0,"k":0,"ix":6},"sa":{"a":0,"k":0,"ix":5},"o":{"a":0,"k":100,"ix":7}}]}],"ind":7},{"ty":4,"nm":"8 Outlines","sr":1,"st":0,"op":120,"ip":0,"hd":false,"ddd":0,"bm":0,"hasMask":false,"ao":0,"ks":{"a":{"a":0,"k":[0,-20.688,0],"ix":1},"s":{"a":0,"k":[454,454,100],"ix":6},"sk":{"a":0,"k":0},"p":{"a":0,"k":[192.83,7357.054,0],"ix":2},"r":{"a":0,"k":0,"ix":10},"sa":{"a":0,"k":0},"o":{"a":0,"k":100,"ix":11}},"ef":[],"shapes":[{"ty":"gr","bm":0,"hd":false,"mn":"ADBE Vector Group","nm":"8","ix":1,"cix":2,"np":6,"it":[{"ty":"sh","bm":0,"hd":false,"mn":"ADBE Vector Shape - Group","nm":"8","ix":1,"d":1,"ks":{"a":0,"k":{"c":true,"i":[[-7.944,0],[0,6.6],[4.731,1.869],[0,0],[0,3.213],[7.36,0],[0,-6.016],[-4.206,-1.986],[0,0],[0,-4.79]],"o":[[7.243,0],[0,-4.614],[0,0],[4.673,-2.22],[0,-4.731],[-6.659,0],[0,3.271],[0,0],[-4.673,1.986],[0,5.549]],"v":[[0.018,0.643],[12.927,-10.397],[5.275,-20.21],[5.275,-20.385],[11.525,-29.264],[0.485,-38.609],[-11.255,-28.504],[-5.239,-19.976],[-5.18,-19.801],[-12.715,-9.638]]},"ix":2}},{"ty":"sh","bm":0,"hd":false,"mn":"ADBE Vector Shape - Group","nm":"8","ix":2,"d":1,"ks":{"a":0,"k":{"c":true,"i":[[4.614,0],[-0.175,3.855],[-4.439,1.285],[0,-4.614]],"o":[[-4.848,0],[0,-3.621],[5.14,1.46],[0,3.914]],"v":[[0.135,-3.096],[-7.458,-10.339],[-0.624,-18.166],[7.728,-9.871]]},"ix":2}},{"ty":"sh","bm":0,"hd":false,"mn":"ADBE Vector Shape - Group","nm":"8","ix":3,"d":1,"ks":{"a":0,"k":{"c":true,"i":[[-4.264,0],[0,-3.037],[3.271,-1.11],[0,3.797]],"o":[[4.614,0],[0,3.446],[-4.381,-1.168],[0,-3.271]],"v":[[0.193,-34.93],[6.619,-28.738],[0.836,-21.846],[-6.407,-28.855]]},"ix":2}},{"ty":"mm","bm":0,"hd":false,"mn":"ADBE Vector Filter - Merge","nm":"Merge Paths 1","mm":1},{"ty":"fl","bm":0,"hd":false,"mn":"ADBE Vector Graphic - Fill","nm":"Fill 1","c":{"a":0,"k":[0.2,0.7686,0.5059],"ix":4},"r":1,"o":{"a":0,"k":100,"ix":5}},{"ty":"tr","a":{"a":0,"k":[0,0],"ix":1},"s":{"a":0,"k":[100,100],"ix":3},"sk":{"a":0,"k":0,"ix":4},"p":{"a":0,"k":[0,0],"ix":2},"r":{"a":0,"k":0,"ix":6},"sa":{"a":0,"k":0,"ix":5},"o":{"a":0,"k":100,"ix":7}}]}],"ind":8},{"ty":4,"nm":"9 Outlines","sr":1,"st":0,"op":120,"ip":0,"hd":false,"ddd":0,"bm":0,"hasMask":false,"ao":0,"ks":{"a":{"a":0,"k":[-0.057,-20.688,0],"ix":1},"s":{"a":0,"k":[454,454,100],"ix":6},"sk":{"a":0,"k":0},"p":{"a":0,"k":[192.83,7045.683,0],"ix":2},"r":{"a":0,"k":0,"ix":10},"sa":{"a":0,"k":0},"o":{"a":0,"k":100,"ix":11}},"ef":[],"shapes":[{"ty":"gr","bm":0,"hd":false,"mn":"ADBE Vector Group","nm":"9","ix":1,"cix":2,"np":5,"it":[{"ty":"sh","bm":0,"hd":false,"mn":"ADBE Vector Shape - Group","nm":"9","ix":1,"d":1,"ks":{"a":0,"k":{"c":true,"i":[[0,0],[-1.869,0.292],[-2.921,2.862],[0,8.353],[7.769,0],[0,-7.185],[-6.834,0],[-2.103,2.57],[0,0],[2.512,-2.278],[2.979,-0.409],[1.11,0.117]],"o":[[1.227,0.058],[4.089,-0.467],[3.738,-3.621],[0,-9.696],[-7.769,0],[0,6.484],[3.797,0],[0,0],[-0.701,4.498],[-2.161,2.044],[-1.752,0.175],[0,0]],"v":[[-9.269,0.584],[-4.538,0.292],[6.502,-4.79],[13.044,-22.605],[0.485,-38.609],[-12.482,-25.117],[-1.267,-13.493],[7.67,-17.582],[7.845,-17.582],[2.822,-7.477],[-5.122,-3.797],[-9.269,-3.621]]},"ix":2}},{"ty":"sh","bm":0,"hd":false,"mn":"ADBE Vector Shape - Group","nm":"9","ix":2,"d":1,"ks":{"a":0,"k":{"c":true,"i":[[-4.381,0],[0,-6.484],[0.292,-0.467],[3.446,0],[0,4.731]],"o":[[5.374,0],[0,0.818],[-1.343,2.278],[-4.439,0],[0,-5.374]],"v":[[0.077,-34.696],[7.845,-23.247],[7.378,-21.378],[-0.099,-17.406],[-7.4,-25.467]]},"ix":2}},{"ty":"mm","bm":0,"hd":false,"mn":"ADBE Vector Filter - Merge","nm":"Merge Paths 1","mm":1},{"ty":"fl","bm":0,"hd":false,"mn":"ADBE Vector Graphic - Fill","nm":"Fill 1","c":{"a":0,"k":[0.2,0.7686,0.5059],"ix":4},"r":1,"o":{"a":0,"k":100,"ix":5}},{"ty":"tr","a":{"a":0,"k":[0,0],"ix":1},"s":{"a":0,"k":[100,100],"ix":3},"sk":{"a":0,"k":0,"ix":4},"p":{"a":0,"k":[0,0],"ix":2},"r":{"a":0,"k":0,"ix":6},"sa":{"a":0,"k":0,"ix":5},"o":{"a":0,"k":100,"ix":7}}]}],"ind":9},{"ty":4,"nm":"32 Outlines","sr":1,"st":0,"op":120,"ip":0,"hd":false,"ddd":0,"bm":0,"hasMask":false,"ao":0,"ks":{"a":{"a":0,"k":[0.935,-20.745,0],"ix":1},"s":{"a":0,"k":[454,454,100],"ix":6},"sk":{"a":0,"k":0},"p":{"a":0,"k":[205.913,6734.313,0],"ix":2},"r":{"a":0,"k":0,"ix":10},"sa":{"a":0,"k":0},"o":{"a":0,"k":100,"ix":11}},"ef":[],"shapes":[{"ty":"gr","bm":0,"hd":false,"mn":"ADBE Vector Group","nm":"1","ix":1,"cix":2,"np":3,"it":[{"ty":"sh","bm":0,"hd":false,"mn":"ADBE Vector Shape - Group","nm":"1","ix":1,"d":1,"ks":{"a":0,"k":{"c":true,"i":[[0,0],[0,0],[0,0],[0,0],[0,0],[0,0],[0,0],[0,0]],"o":[[0,0],[0,0],[0,0],[0,0],[0,0],[0,0],[0,0],[0,0]],"v":[[-15.968,0],[-11.003,0],[-11.003,-37.967],[-15.384,-37.967],[-23.678,-33.528],[-22.685,-29.614],[-16.085,-33.177],[-15.968,-33.177]]},"ix":2}},{"ty":"fl","bm":0,"hd":false,"mn":"ADBE Vector Graphic - Fill","nm":"Fill 1","c":{"a":0,"k":[0.2,0.7686,0.5059],"ix":4},"r":1,"o":{"a":0,"k":100,"ix":5}},{"ty":"tr","a":{"a":0,"k":[0,0],"ix":1},"s":{"a":0,"k":[100,100],"ix":3},"sk":{"a":0,"k":0,"ix":4},"p":{"a":0,"k":[0,0],"ix":2},"r":{"a":0,"k":0,"ix":6},"sa":{"a":0,"k":0,"ix":5},"o":{"a":0,"k":100,"ix":7}}]},{"ty":"gr","bm":0,"hd":false,"mn":"ADBE Vector Group","nm":"0","ix":2,"cix":2,"np":5,"it":[{"ty":"sh","bm":0,"hd":false,"mn":"ADBE Vector Shape - Group","nm":"0","ix":1,"d":1,"ks":{"a":0,"k":{"c":true,"i":[[8.002,0],[0,-12.734],[-7.418,0],[0,12.909]],"o":[[-7.71,0],[0.117,12.558],[8.411,0],[0,-12.091]],"v":[[15.304,-38.609],[2.103,-18.867],[14.661,0.643],[27.862,-19.392]]},"ix":2}},{"ty":"sh","bm":0,"hd":false,"mn":"ADBE Vector Shape - Group","nm":"0","ix":2,"d":1,"ks":{"a":0,"k":{"c":true,"i":[[-4.498,0],[0,-9.346],[5.257,0],[0,9.871]],"o":[[5.315,0],[0,9.696],[-4.673,0],[0,-10.339]],"v":[[15.012,-34.638],[22.722,-19.159],[14.953,-3.329],[7.243,-18.808]]},"ix":2}},{"ty":"mm","bm":0,"hd":false,"mn":"ADBE Vector Filter - Merge","nm":"Merge Paths 1","mm":1},{"ty":"fl","bm":0,"hd":false,"mn":"ADBE Vector Graphic - Fill","nm":"Fill 1","c":{"a":0,"k":[0.2,0.7686,0.5059],"ix":4},"r":1,"o":{"a":0,"k":100,"ix":5}},{"ty":"tr","a":{"a":0,"k":[0,0],"ix":1},"s":{"a":0,"k":[100,100],"ix":3},"sk":{"a":0,"k":0,"ix":4},"p":{"a":0,"k":[0,0],"ix":2},"r":{"a":0,"k":0,"ix":6},"sa":{"a":0,"k":0,"ix":5},"o":{"a":0,"k":100,"ix":7}}]}],"ind":10},{"ty":4,"nm":"33 Outlines","sr":1,"st":0,"op":120,"ip":0,"hd":false,"ddd":0,"bm":0,"hasMask":false,"ao":0,"ks":{"a":{"a":0,"k":[-3.328,-20.702,0],"ix":1},"s":{"a":0,"k":[454,454,100],"ix":6},"sk":{"a":0,"k":0},"p":{"a":0,"k":[186.563,6422.942,0],"ix":2},"r":{"a":0,"k":0,"ix":10},"sa":{"a":0,"k":0},"o":{"a":0,"k":100,"ix":11}},"ef":[],"shapes":[{"ty":"gr","bm":0,"hd":false,"mn":"ADBE Vector Group","nm":"1","ix":1,"cix":2,"np":3,"it":[{"ty":"sh","bm":0,"hd":false,"mn":"ADBE Vector Shape - Group","nm":"1","ix":1,"d":1,"ks":{"a":0,"k":{"c":true,"i":[[0,0],[0,0],[0,0],[0,0],[0,0],[0,0],[0,0],[0,0]],"o":[[0,0],[0,0],[0,0],[0,0],[0,0],[0,0],[0,0],[0,0]],"v":[[-15.968,0],[-11.003,0],[-11.003,-37.967],[-15.384,-37.967],[-23.678,-33.528],[-22.685,-29.614],[-16.085,-33.177],[-15.968,-33.177]]},"ix":2}},{"ty":"fl","bm":0,"hd":false,"mn":"ADBE Vector Graphic - Fill","nm":"Fill 1","c":{"a":0,"k":[0.2,0.7686,0.5059],"ix":4},"r":1,"o":{"a":0,"k":100,"ix":5}},{"ty":"tr","a":{"a":0,"k":[0,0],"ix":1},"s":{"a":0,"k":[100,100],"ix":3},"sk":{"a":0,"k":0,"ix":4},"p":{"a":0,"k":[0,0],"ix":2},"r":{"a":0,"k":0,"ix":6},"sa":{"a":0,"k":0,"ix":5},"o":{"a":0,"k":100,"ix":7}}]},{"ty":"gr","bm":0,"hd":false,"mn":"ADBE Vector Group","nm":"1","ix":2,"cix":2,"np":3,"it":[{"ty":"sh","bm":0,"hd":false,"mn":"ADBE Vector Shape - Group","nm":"1","ix":1,"d":1,"ks":{"a":0,"k":{"c":true,"i":[[0,0],[0,0],[0,0],[0,0],[0,0],[0,0],[0,0],[0,0]],"o":[[0,0],[0,0],[0,0],[0,0],[0,0],[0,0],[0,0],[0,0]],"v":[[13.785,0],[18.75,0],[18.75,-37.967],[14.369,-37.967],[6.075,-33.528],[7.068,-29.614],[13.668,-33.177],[13.785,-33.177]]},"ix":2}},{"ty":"fl","bm":0,"hd":false,"mn":"ADBE Vector Graphic - Fill","nm":"Fill 1","c":{"a":0,"k":[0.2,0.7686,0.5059],"ix":4},"r":1,"o":{"a":0,"k":100,"ix":5}},{"ty":"tr","a":{"a":0,"k":[0,0],"ix":1},"s":{"a":0,"k":[100,100],"ix":3},"sk":{"a":0,"k":0,"ix":4},"p":{"a":0,"k":[0,0],"ix":2},"r":{"a":0,"k":0,"ix":6},"sa":{"a":0,"k":0,"ix":5},"o":{"a":0,"k":100,"ix":7}}]}],"ind":11},{"ty":4,"nm":"34 Outlines","sr":1,"st":0,"op":120,"ip":0,"hd":false,"ddd":0,"bm":0,"hasMask":false,"ao":0,"ks":{"a":{"a":0,"k":[0.935,-21,0],"ix":1},"s":{"a":0,"k":[454,454,100],"ix":6},"sk":{"a":0,"k":0},"p":{"a":0,"k":[205.913,6111.572,0],"ix":2},"r":{"a":0,"k":0,"ix":10},"sa":{"a":0,"k":0},"o":{"a":0,"k":100,"ix":11}},"ef":[],"shapes":[{"ty":"gr","bm":0,"hd":false,"mn":"ADBE Vector Group","nm":"1","ix":1,"cix":2,"np":3,"it":[{"ty":"sh","bm":0,"hd":false,"mn":"ADBE Vector Shape - Group","nm":"1","ix":1,"d":1,"ks":{"a":0,"k":{"c":true,"i":[[0,0],[0,0],[0,0],[0,0],[0,0],[0,0],[0,0],[0,0]],"o":[[0,0],[0,0],[0,0],[0,0],[0,0],[0,0],[0,0],[0,0]],"v":[[-15.968,0],[-11.003,0],[-11.003,-37.967],[-15.384,-37.967],[-23.678,-33.528],[-22.685,-29.614],[-16.085,-33.177],[-15.968,-33.177]]},"ix":2}},{"ty":"fl","bm":0,"hd":false,"mn":"ADBE Vector Graphic - Fill","nm":"Fill 1","c":{"a":0,"k":[0.2,0.7686,0.5059],"ix":4},"r":1,"o":{"a":0,"k":100,"ix":5}},{"ty":"tr","a":{"a":0,"k":[0,0],"ix":1},"s":{"a":0,"k":[100,100],"ix":3},"sk":{"a":0,"k":0,"ix":4},"p":{"a":0,"k":[0,0],"ix":2},"r":{"a":0,"k":0,"ix":6},"sa":{"a":0,"k":0,"ix":5},"o":{"a":0,"k":100,"ix":7}}]},{"ty":"gr","bm":0,"hd":false,"mn":"ADBE Vector Group","nm":"2","ix":2,"cix":2,"np":3,"it":[{"ty":"sh","bm":0,"hd":false,"mn":"ADBE Vector Shape - Group","nm":"2","ix":1,"d":1,"ks":{"a":0,"k":{"c":true,"i":[[0,0],[0,0],[0,0],[0,0],[0,0],[0,7.009],[8.177,0],[2.628,-2.22],[0,0],[-3.446,0],[0,-3.855],[9.696,-9.229],[0,0],[0,0]],"o":[[0,0],[0,0],[0,0],[0,0],[8.002,-7.71],[0,-5.432],[-4.381,0],[0,0],[1.752,-1.46],[5.666,0],[-0.058,5.724],[0,0],[0,0],[0,0]],"v":[[26.869,0],[26.869,-4.264],[9.813,-4.264],[9.813,-4.381],[12.85,-7.185],[25.934,-27.57],[14.311,-38.609],[3.563,-34.754],[5.199,-31.133],[13.259,-34.345],[20.794,-26.927],[6.659,-7.068],[2.628,-3.154],[2.628,0]]},"ix":2}},{"ty":"fl","bm":0,"hd":false,"mn":"ADBE Vector Graphic - Fill","nm":"Fill 1","c":{"a":0,"k":[0.2,0.7686,0.5059],"ix":4},"r":1,"o":{"a":0,"k":100,"ix":5}},{"ty":"tr","a":{"a":0,"k":[0,0],"ix":1},"s":{"a":0,"k":[100,100],"ix":3},"sk":{"a":0,"k":0,"ix":4},"p":{"a":0,"k":[0,0],"ix":2},"r":{"a":0,"k":0,"ix":6},"sa":{"a":0,"k":0,"ix":5},"o":{"a":0,"k":100,"ix":7}}]}],"ind":12},{"ty":4,"nm":"35 Outlines","sr":1,"st":0,"op":120,"ip":0,"hd":false,"ddd":0,"bm":0,"hasMask":false,"ao":0,"ks":{"a":{"a":0,"k":[0.765,-20.716,0],"ix":1},"s":{"a":0,"k":[454,454,100],"ix":6},"sk":{"a":0,"k":0},"p":{"a":0,"k":[205.142,5800.202,0],"ix":2},"r":{"a":0,"k":0,"ix":10},"sa":{"a":0,"k":0},"o":{"a":0,"k":100,"ix":11}},"ef":[],"shapes":[{"ty":"gr","bm":0,"hd":false,"mn":"ADBE Vector Group","nm":"1","ix":1,"cix":2,"np":3,"it":[{"ty":"sh","bm":0,"hd":false,"mn":"ADBE Vector Shape - Group","nm":"1","ix":1,"d":1,"ks":{"a":0,"k":{"c":true,"i":[[0,0],[0,0],[0,0],[0,0],[0,0],[0,0],[0,0],[0,0]],"o":[[0,0],[0,0],[0,0],[0,0],[0,0],[0,0],[0,0],[0,0]],"v":[[-15.968,0],[-11.003,0],[-11.003,-37.967],[-15.384,-37.967],[-23.678,-33.528],[-22.685,-29.614],[-16.085,-33.177],[-15.968,-33.177]]},"ix":2}},{"ty":"fl","bm":0,"hd":false,"mn":"ADBE Vector Graphic - Fill","nm":"Fill 1","c":{"a":0,"k":[0.2,0.7686,0.5059],"ix":4},"r":1,"o":{"a":0,"k":100,"ix":5}},{"ty":"tr","a":{"a":0,"k":[0,0],"ix":1},"s":{"a":0,"k":[100,100],"ix":3},"sk":{"a":0,"k":0,"ix":4},"p":{"a":0,"k":[0,0],"ix":2},"r":{"a":0,"k":0,"ix":6},"sa":{"a":0,"k":0,"ix":5},"o":{"a":0,"k":100,"ix":7}}]},{"ty":"gr","bm":0,"hd":false,"mn":"ADBE Vector Group","nm":"3","ix":2,"cix":2,"np":3,"it":[{"ty":"sh","bm":0,"hd":false,"mn":"ADBE Vector Shape - Group","nm":"3","ix":1,"d":1,"ks":{"a":0,"k":{"c":true,"i":[[0,0],[-4.264,0],[0,6.075],[4.673,0.935],[0,0],[0,3.914],[7.477,0],[1.986,-1.46],[0,0],[-3.037,0],[0,-3.037],[3.738,0],[0,0],[0,0],[0,0],[-0.058,-5.315],[6.6,0],[1.46,0.935]],"o":[[1.869,1.227],[9.112,0],[0,-5.315],[0,0],[4.673,-1.694],[0,-4.614],[-4.089,0],[0,0],[1.635,-1.168],[4.731,0],[0,4.498],[0,0],[0,0],[0,0],[4.965,0],[0.058,3.154],[-3.563,0],[0,0]],"v":[[2.453,-1.928],[12.325,0.643],[26.168,-10.748],[17.698,-20.502],[17.698,-20.619],[24.708,-29.556],[13.843,-38.609],[3.914,-35.689],[5.257,-31.951],[12.85,-34.462],[19.509,-28.738],[11.04,-22.313],[8.177,-22.313],[8.177,-18.458],[11.04,-18.458],[20.853,-10.864],[12.266,-3.505],[3.855,-5.899]]},"ix":2}},{"ty":"fl","bm":0,"hd":false,"mn":"ADBE Vector Graphic - Fill","nm":"Fill 1","c":{"a":0,"k":[0.2,0.7686,0.5059],"ix":4},"r":1,"o":{"a":0,"k":100,"ix":5}},{"ty":"tr","a":{"a":0,"k":[0,0],"ix":1},"s":{"a":0,"k":[100,100],"ix":3},"sk":{"a":0,"k":0,"ix":4},"p":{"a":0,"k":[0,0],"ix":2},"r":{"a":0,"k":0,"ix":6},"sa":{"a":0,"k":0,"ix":5},"o":{"a":0,"k":100,"ix":7}}]}],"ind":13},{"ty":4,"nm":"36 Outlines","sr":1,"st":0,"op":120,"ip":0,"hd":false,"ddd":0,"bm":0,"hasMask":false,"ao":0,"ks":{"a":{"a":0,"k":[1.671,-20.759,0],"ix":1},"s":{"a":0,"k":[454,454,100],"ix":6},"sk":{"a":0,"k":0},"p":{"a":0,"k":[209.256,5488.831,0],"ix":2},"r":{"a":0,"k":0,"ix":10},"sa":{"a":0,"k":0},"o":{"a":0,"k":100,"ix":11}},"ef":[],"shapes":[{"ty":"gr","bm":0,"hd":false,"mn":"ADBE Vector Group","nm":"1","ix":1,"cix":2,"np":3,"it":[{"ty":"sh","bm":0,"hd":false,"mn":"ADBE Vector Shape - Group","nm":"1","ix":1,"d":1,"ks":{"a":0,"k":{"c":true,"i":[[0,0],[0,0],[0,0],[0,0],[0,0],[0,0],[0,0],[0,0]],"o":[[0,0],[0,0],[0,0],[0,0],[0,0],[0,0],[0,0],[0,0]],"v":[[-15.968,0],[-11.003,0],[-11.003,-37.967],[-15.384,-37.967],[-23.678,-33.528],[-22.685,-29.614],[-16.085,-33.177],[-15.968,-33.177]]},"ix":2}},{"ty":"fl","bm":0,"hd":false,"mn":"ADBE Vector Graphic - Fill","nm":"Fill 1","c":{"a":0,"k":[0.2,0.7686,0.5059],"ix":4},"r":1,"o":{"a":0,"k":100,"ix":5}},{"ty":"tr","a":{"a":0,"k":[0,0],"ix":1},"s":{"a":0,"k":[100,100],"ix":3},"sk":{"a":0,"k":0,"ix":4},"p":{"a":0,"k":[0,0],"ix":2},"r":{"a":0,"k":0,"ix":6},"sa":{"a":0,"k":0,"ix":5},"o":{"a":0,"k":100,"ix":7}}]},{"ty":"gr","bm":0,"hd":false,"mn":"ADBE Vector Group","nm":"4","ix":2,"cix":2,"np":5,"it":[{"ty":"sh","bm":0,"hd":false,"mn":"ADBE Vector Shape - Group","nm":"4","ix":1,"d":1,"ks":{"a":0,"k":{"c":true,"i":[[0,0],[0,0],[0,0],[0,0],[0,0],[0,0],[0,0],[0,0],[0,0],[0,0],[0,0]],"o":[[0,0],[0,0],[0,0],[0,0],[0,0],[0,0],[0,0],[0,0],[0,0],[0,0],[0,0]],"v":[[23.364,0],[23.364,-10.339],[28.68,-10.339],[28.68,-14.369],[23.364,-14.369],[23.364,-37.967],[17.815,-37.967],[0.876,-13.727],[0.876,-10.339],[18.516,-10.339],[18.516,0]]},"ix":2}},{"ty":"sh","bm":0,"hd":false,"mn":"ADBE Vector Shape - Group","nm":"4","ix":2,"d":1,"ks":{"a":0,"k":{"c":true,"i":[[0,0],[0,0],[0,0],[-1.168,2.22],[0,0],[0,-1.986],[0,0]],"o":[[0,0],[0,0],[1.051,-1.752],[0,0],[-0.117,1.986],[0,0],[0,0]],"v":[[6.075,-14.369],[6.075,-14.486],[15.362,-27.395],[18.516,-33.002],[18.691,-33.002],[18.516,-27.044],[18.516,-14.369]]},"ix":2}},{"ty":"mm","bm":0,"hd":false,"mn":"ADBE Vector Filter - Merge","nm":"Merge Paths 1","mm":1},{"ty":"fl","bm":0,"hd":false,"mn":"ADBE Vector Graphic - Fill","nm":"Fill 1","c":{"a":0,"k":[0.2,0.7686,0.5059],"ix":4},"r":1,"o":{"a":0,"k":100,"ix":5}},{"ty":"tr","a":{"a":0,"k":[0,0],"ix":1},"s":{"a":0,"k":[100,100],"ix":3},"sk":{"a":0,"k":0,"ix":4},"p":{"a":0,"k":[0,0],"ix":2},"r":{"a":0,"k":0,"ix":6},"sa":{"a":0,"k":0,"ix":5},"o":{"a":0,"k":100,"ix":7}}]}],"ind":14},{"ty":4,"nm":"37 Outlines","sr":1,"st":0,"op":120,"ip":0,"hd":false,"ddd":0,"bm":0,"hasMask":false,"ao":0,"ks":{"a":{"a":0,"k":[0.708,-20.419,0],"ix":1},"s":{"a":0,"k":[454,454,100],"ix":6},"sk":{"a":0,"k":0},"p":{"a":0,"k":[204.885,5177.461,0],"ix":2},"r":{"a":0,"k":0,"ix":10},"sa":{"a":0,"k":0},"o":{"a":0,"k":100,"ix":11}},"ef":[],"shapes":[{"ty":"gr","bm":0,"hd":false,"mn":"ADBE Vector Group","nm":"1","ix":1,"cix":2,"np":3,"it":[{"ty":"sh","bm":0,"hd":false,"mn":"ADBE Vector Shape - Group","nm":"1","ix":1,"d":1,"ks":{"a":0,"k":{"c":true,"i":[[0,0],[0,0],[0,0],[0,0],[0,0],[0,0],[0,0],[0,0]],"o":[[0,0],[0,0],[0,0],[0,0],[0,0],[0,0],[0,0],[0,0]],"v":[[-15.968,0],[-11.003,0],[-11.003,-37.967],[-15.384,-37.967],[-23.678,-33.528],[-22.685,-29.614],[-16.085,-33.177],[-15.968,-33.177]]},"ix":2}},{"ty":"fl","bm":0,"hd":false,"mn":"ADBE Vector Graphic - Fill","nm":"Fill 1","c":{"a":0,"k":[0.2,0.7686,0.5059],"ix":4},"r":1,"o":{"a":0,"k":100,"ix":5}},{"ty":"tr","a":{"a":0,"k":[0,0],"ix":1},"s":{"a":0,"k":[100,100],"ix":3},"sk":{"a":0,"k":0,"ix":4},"p":{"a":0,"k":[0,0],"ix":2},"r":{"a":0,"k":0,"ix":6},"sa":{"a":0,"k":0,"ix":5},"o":{"a":0,"k":100,"ix":7}}]},{"ty":"gr","bm":0,"hd":false,"mn":"ADBE Vector Group","nm":"5","ix":2,"cix":2,"np":3,"it":[{"ty":"sh","bm":0,"hd":false,"mn":"ADBE Vector Shape - Group","nm":"5","ix":1,"d":1,"ks":{"a":0,"k":{"c":true,"i":[[0,0],[0,0],[0,0],[-2.161,0],[-0.058,-4.906],[4.848,0],[1.577,0.935],[0,0],[-4.147,0],[0,7.418],[2.979,1.694],[2.921,0],[0.876,-0.117],[0,0],[0,0]],"o":[[0,0],[0,0],[1.402,-0.175],[7.593,0],[0,5.082],[-3.446,0],[0,0],[1.811,1.168],[8.236,0],[0,-4.79],[-2.336,-1.402],[-1.402,0],[0,0],[0,0],[0,0]],"v":[[25.292,-37.967],[7.126,-37.967],[4.673,-19.743],[9.93,-20.152],[20.853,-11.741],[11.857,-3.505],[3.738,-5.607],[2.453,-1.694],[11.916,0.643],[26.051,-12.325],[20.619,-22.079],[12.441,-24.124],[9.346,-23.89],[10.806,-33.645],[25.292,-33.645]]},"ix":2}},{"ty":"fl","bm":0,"hd":false,"mn":"ADBE Vector Graphic - Fill","nm":"Fill 1","c":{"a":0,"k":[0.2,0.7686,0.5059],"ix":4},"r":1,"o":{"a":0,"k":100,"ix":5}},{"ty":"tr","a":{"a":0,"k":[0,0],"ix":1},"s":{"a":0,"k":[100,100],"ix":3},"sk":{"a":0,"k":0,"ix":4},"p":{"a":0,"k":[0,0],"ix":2},"r":{"a":0,"k":0,"ix":6},"sa":{"a":0,"k":0,"ix":5},"o":{"a":0,"k":100,"ix":7}}]}],"ind":15},{"ty":4,"nm":"16 Outlines","sr":1,"st":0,"op":120,"ip":0,"hd":false,"ddd":0,"bm":0,"hasMask":false,"ao":0,"ks":{"a":{"a":0,"k":[1.02,-20.688,0],"ix":1},"s":{"a":0,"k":[454,454,100],"ix":6},"sk":{"a":0,"k":0},"p":{"a":0,"k":[206.299,4866.09,0],"ix":2},"r":{"a":0,"k":0,"ix":10},"sa":{"a":0,"k":0},"o":{"a":0,"k":100,"ix":11}},"ef":[],"shapes":[{"ty":"gr","bm":0,"hd":false,"mn":"ADBE Vector Group","nm":"1","ix":1,"cix":2,"np":3,"it":[{"ty":"sh","bm":0,"hd":false,"mn":"ADBE Vector Shape - Group","nm":"1","ix":1,"d":1,"ks":{"a":0,"k":{"c":true,"i":[[0,0],[0,0],[0,0],[0,0],[0,0],[0,0],[0,0],[0,0]],"o":[[0,0],[0,0],[0,0],[0,0],[0,0],[0,0],[0,0],[0,0]],"v":[[-15.968,0],[-11.003,0],[-11.003,-37.967],[-15.384,-37.967],[-23.678,-33.528],[-22.685,-29.614],[-16.085,-33.177],[-15.968,-33.177]]},"ix":2}},{"ty":"fl","bm":0,"hd":false,"mn":"ADBE Vector Graphic - Fill","nm":"Fill 1","c":{"a":0,"k":[0.2,0.7686,0.5059],"ix":4},"r":1,"o":{"a":0,"k":100,"ix":5}},{"ty":"tr","a":{"a":0,"k":[0,0],"ix":1},"s":{"a":0,"k":[100,100],"ix":3},"sk":{"a":0,"k":0,"ix":4},"p":{"a":0,"k":[0,0],"ix":2},"r":{"a":0,"k":0,"ix":6},"sa":{"a":0,"k":0,"ix":5},"o":{"a":0,"k":100,"ix":7}}]},{"ty":"gr","bm":0,"hd":false,"mn":"ADBE Vector Group","nm":"6","ix":2,"cix":2,"np":5,"it":[{"ty":"sh","bm":0,"hd":false,"mn":"ADBE Vector Shape - Group","nm":"6","ix":1,"d":1,"ks":{"a":0,"k":{"c":true,"i":[[0,0],[1.519,-0.234],[3.154,-3.096],[0,-7.477],[-8.119,0],[0,6.951],[6.717,0],[1.811,-2.395],[0,0],[-8.061,1.343],[-1.051,-0.058]],"o":[[-0.935,0],[-4.79,0.584],[-3.738,3.738],[0,9.871],[7.885,0],[0,-7.418],[-4.206,0],[0,0],[0.876,-6.25],[1.46,-0.234],[0,0]],"v":[[24.299,-38.551],[20.561,-38.259],[8.411,-32.652],[1.986,-15.537],[15.42,0.643],[28.037,-12.734],[16.589,-25],[7.418,-20.619],[7.243,-20.619],[20.444,-34.112],[24.299,-34.345]]},"ix":2}},{"ty":"sh","bm":0,"hd":false,"mn":"ADBE Vector Shape - Group","nm":"6","ix":2,"d":1,"ks":{"a":0,"k":{"c":true,"i":[[4.439,0],[0.117,6.25],[-0.35,0.584],[-3.096,0],[0,-5.432]],"o":[[-5.374,0],[0,-0.935],[1.402,-2.745],[4.731,0],[0,5.432]],"v":[[15.42,-3.329],[7.068,-14.194],[7.652,-16.472],[15.012,-21.145],[22.839,-12.441]]},"ix":2}},{"ty":"mm","bm":0,"hd":false,"mn":"ADBE Vector Filter - Merge","nm":"Merge Paths 1","mm":1},{"ty":"fl","bm":0,"hd":false,"mn":"ADBE Vector Graphic - Fill","nm":"Fill 1","c":{"a":0,"k":[0.2,0.7686,0.5059],"ix":4},"r":1,"o":{"a":0,"k":100,"ix":5}},{"ty":"tr","a":{"a":0,"k":[0,0],"ix":1},"s":{"a":0,"k":[100,100],"ix":3},"sk":{"a":0,"k":0,"ix":4},"p":{"a":0,"k":[0,0],"ix":2},"r":{"a":0,"k":0,"ix":6},"sa":{"a":0,"k":0,"ix":5},"o":{"a":0,"k":100,"ix":7}}]}],"ind":16},{"ty":4,"nm":"17 Outlines","sr":1,"st":0,"op":120,"ip":0,"hd":false,"ddd":0,"bm":0,"hasMask":false,"ao":0,"ks":{"a":{"a":0,"k":[0.991,-20.702,0],"ix":1},"s":{"a":0,"k":[454,454,100],"ix":6},"sk":{"a":0,"k":0},"p":{"a":0,"k":[206.17,4243.349,0],"ix":2},"r":{"a":0,"k":0,"ix":10},"sa":{"a":0,"k":0},"o":{"a":0,"k":100,"ix":11}},"ef":[],"shapes":[{"ty":"gr","bm":0,"hd":false,"mn":"ADBE Vector Group","nm":"1","ix":1,"cix":2,"np":3,"it":[{"ty":"sh","bm":0,"hd":false,"mn":"ADBE Vector Shape - Group","nm":"1","ix":1,"d":1,"ks":{"a":0,"k":{"c":true,"i":[[0,0],[0,0],[0,0],[0,0],[0,0],[0,0],[0,0],[0,0]],"o":[[0,0],[0,0],[0,0],[0,0],[0,0],[0,0],[0,0],[0,0]],"v":[[-15.968,0],[-11.003,0],[-11.003,-37.967],[-15.384,-37.967],[-23.678,-33.528],[-22.685,-29.614],[-16.085,-33.177],[-15.968,-33.177]]},"ix":2}},{"ty":"fl","bm":0,"hd":false,"mn":"ADBE Vector Graphic - Fill","nm":"Fill 1","c":{"a":0,"k":[0.2,0.7686,0.5059],"ix":4},"r":1,"o":{"a":0,"k":100,"ix":5}},{"ty":"tr","a":{"a":0,"k":[0,0],"ix":1},"s":{"a":0,"k":[100,100],"ix":3},"sk":{"a":0,"k":0,"ix":4},"p":{"a":0,"k":[0,0],"ix":2},"r":{"a":0,"k":0,"ix":6},"sa":{"a":0,"k":0,"ix":5},"o":{"a":0,"k":100,"ix":7}}]},{"ty":"gr","bm":0,"hd":false,"mn":"ADBE Vector Group","nm":"7","ix":2,"cix":2,"np":3,"it":[{"ty":"sh","bm":0,"hd":false,"mn":"ADBE Vector Shape - Group","nm":"7","ix":1,"d":1,"ks":{"a":0,"k":{"c":true,"i":[[0,0],[0,0],[0,0],[0,0],[0,0],[0,0],[0,0],[0,0]],"o":[[0,0],[0,0],[0,0],[0,0],[0,0],[0,0],[0,0],[0,0]],"v":[[3.329,-37.967],[3.329,-33.703],[21.904,-33.703],[21.904,-33.586],[5.432,0],[10.748,0],[27.278,-34.579],[27.278,-37.967]]},"ix":2}},{"ty":"fl","bm":0,"hd":false,"mn":"ADBE Vector Graphic - Fill","nm":"Fill 1","c":{"a":0,"k":[0.2,0.7686,0.5059],"ix":4},"r":1,"o":{"a":0,"k":100,"ix":5}},{"ty":"tr","a":{"a":0,"k":[0,0],"ix":1},"s":{"a":0,"k":[100,100],"ix":3},"sk":{"a":0,"k":0,"ix":4},"p":{"a":0,"k":[0,0],"ix":2},"r":{"a":0,"k":0,"ix":6},"sa":{"a":0,"k":0,"ix":5},"o":{"a":0,"k":100,"ix":7}}]}],"ind":17},{"ty":4,"nm":"18 Outlines","sr":1,"st":0,"op":120,"ip":0,"hd":false,"ddd":0,"bm":0,"hasMask":false,"ao":0,"ks":{"a":{"a":0,"k":[0.935,-20.688,0],"ix":1},"s":{"a":0,"k":[454,454,100],"ix":6},"sk":{"a":0,"k":0},"p":{"a":0,"k":[205.913,4554.72,0],"ix":2},"r":{"a":0,"k":0,"ix":10},"sa":{"a":0,"k":0},"o":{"a":0,"k":100,"ix":11}},"ef":[],"shapes":[{"ty":"gr","bm":0,"hd":false,"mn":"ADBE Vector Group","nm":"1","ix":1,"cix":2,"np":3,"it":[{"ty":"sh","bm":0,"hd":false,"mn":"ADBE Vector Shape - Group","nm":"1","ix":1,"d":1,"ks":{"a":0,"k":{"c":true,"i":[[0,0],[0,0],[0,0],[0,0],[0,0],[0,0],[0,0],[0,0]],"o":[[0,0],[0,0],[0,0],[0,0],[0,0],[0,0],[0,0],[0,0]],"v":[[-15.968,0],[-11.003,0],[-11.003,-37.967],[-15.384,-37.967],[-23.678,-33.528],[-22.685,-29.614],[-16.085,-33.177],[-15.968,-33.177]]},"ix":2}},{"ty":"fl","bm":0,"hd":false,"mn":"ADBE Vector Graphic - Fill","nm":"Fill 1","c":{"a":0,"k":[0.2,0.7686,0.5059],"ix":4},"r":1,"o":{"a":0,"k":100,"ix":5}},{"ty":"tr","a":{"a":0,"k":[0,0],"ix":1},"s":{"a":0,"k":[100,100],"ix":3},"sk":{"a":0,"k":0,"ix":4},"p":{"a":0,"k":[0,0],"ix":2},"r":{"a":0,"k":0,"ix":6},"sa":{"a":0,"k":0,"ix":5},"o":{"a":0,"k":100,"ix":7}}]},{"ty":"gr","bm":0,"hd":false,"mn":"ADBE Vector Group","nm":"8","ix":2,"cix":2,"np":6,"it":[{"ty":"sh","bm":0,"hd":false,"mn":"ADBE Vector Shape - Group","nm":"8","ix":1,"d":1,"ks":{"a":0,"k":{"c":true,"i":[[-7.944,0],[0,6.6],[4.731,1.869],[0,0],[0,3.213],[7.36,0],[0,-6.016],[-4.206,-1.986],[0,0],[0,-4.79]],"o":[[7.243,0],[0,-4.614],[0,0],[4.673,-2.22],[0,-4.731],[-6.659,0],[0,3.271],[0,0],[-4.673,1.986],[0,5.549]],"v":[[14.895,0.643],[27.803,-10.397],[20.152,-20.21],[20.152,-20.385],[26.402,-29.264],[15.362,-38.609],[3.621,-28.504],[9.638,-19.976],[9.696,-19.801],[2.161,-9.638]]},"ix":2}},{"ty":"sh","bm":0,"hd":false,"mn":"ADBE Vector Shape - Group","nm":"8","ix":2,"d":1,"ks":{"a":0,"k":{"c":true,"i":[[4.614,0],[-0.175,3.855],[-4.439,1.285],[0,-4.614]],"o":[[-4.848,0],[0,-3.621],[5.14,1.46],[0,3.914]],"v":[[15.012,-3.096],[7.418,-10.339],[14.252,-18.166],[22.605,-9.871]]},"ix":2}},{"ty":"sh","bm":0,"hd":false,"mn":"ADBE Vector Shape - Group","nm":"8","ix":3,"d":1,"ks":{"a":0,"k":{"c":true,"i":[[-4.264,0],[0,-3.037],[3.271,-1.11],[0,3.797]],"o":[[4.614,0],[0,3.446],[-4.381,-1.168],[0,-3.271]],"v":[[15.07,-34.93],[21.495,-28.738],[15.712,-21.846],[8.47,-28.855]]},"ix":2}},{"ty":"mm","bm":0,"hd":false,"mn":"ADBE Vector Filter - Merge","nm":"Merge Paths 1","mm":1},{"ty":"fl","bm":0,"hd":false,"mn":"ADBE Vector Graphic - Fill","nm":"Fill 1","c":{"a":0,"k":[0.2,0.7686,0.5059],"ix":4},"r":1,"o":{"a":0,"k":100,"ix":5}},{"ty":"tr","a":{"a":0,"k":[0,0],"ix":1},"s":{"a":0,"k":[100,100],"ix":3},"sk":{"a":0,"k":0,"ix":4},"p":{"a":0,"k":[0,0],"ix":2},"r":{"a":0,"k":0,"ix":6},"sa":{"a":0,"k":0,"ix":5},"o":{"a":0,"k":100,"ix":7}}]}],"ind":18},{"ty":4,"nm":"19 Outlines","sr":1,"st":0,"op":120,"ip":0,"hd":false,"ddd":0,"bm":0,"hasMask":false,"ao":0,"ks":{"a":{"a":0,"k":[0.906,-20.688,0],"ix":1},"s":{"a":0,"k":[454,454,100],"ix":6},"sk":{"a":0,"k":0},"p":{"a":0,"k":[205.785,3931.979,0],"ix":2},"r":{"a":0,"k":0,"ix":10},"sa":{"a":0,"k":0},"o":{"a":0,"k":100,"ix":11}},"ef":[],"shapes":[{"ty":"gr","bm":0,"hd":false,"mn":"ADBE Vector Group","nm":"1","ix":1,"cix":2,"np":3,"it":[{"ty":"sh","bm":0,"hd":false,"mn":"ADBE Vector Shape - Group","nm":"1","ix":1,"d":1,"ks":{"a":0,"k":{"c":true,"i":[[0,0],[0,0],[0,0],[0,0],[0,0],[0,0],[0,0],[0,0]],"o":[[0,0],[0,0],[0,0],[0,0],[0,0],[0,0],[0,0],[0,0]],"v":[[-15.968,0],[-11.003,0],[-11.003,-37.967],[-15.384,-37.967],[-23.678,-33.528],[-22.685,-29.614],[-16.085,-33.177],[-15.968,-33.177]]},"ix":2}},{"ty":"fl","bm":0,"hd":false,"mn":"ADBE Vector Graphic - Fill","nm":"Fill 1","c":{"a":0,"k":[0.2,0.7686,0.5059],"ix":4},"r":1,"o":{"a":0,"k":100,"ix":5}},{"ty":"tr","a":{"a":0,"k":[0,0],"ix":1},"s":{"a":0,"k":[100,100],"ix":3},"sk":{"a":0,"k":0,"ix":4},"p":{"a":0,"k":[0,0],"ix":2},"r":{"a":0,"k":0,"ix":6},"sa":{"a":0,"k":0,"ix":5},"o":{"a":0,"k":100,"ix":7}}]},{"ty":"gr","bm":0,"hd":false,"mn":"ADBE Vector Group","nm":"9","ix":2,"cix":2,"np":5,"it":[{"ty":"sh","bm":0,"hd":false,"mn":"ADBE Vector Shape - Group","nm":"9","ix":1,"d":1,"ks":{"a":0,"k":{"c":true,"i":[[0,0],[-1.869,0.292],[-2.921,2.862],[0,8.353],[7.769,0],[0,-7.185],[-6.834,0],[-2.103,2.57],[0,0],[2.512,-2.278],[2.979,-0.409],[1.11,0.117]],"o":[[1.227,0.058],[4.089,-0.467],[3.738,-3.621],[0,-9.696],[-7.769,0],[0,6.484],[3.797,0],[0,0],[-0.701,4.498],[-2.161,2.044],[-1.752,0.175],[0,0]],"v":[[5.607,0.584],[10.339,0.292],[21.378,-4.79],[27.92,-22.605],[15.362,-38.609],[2.395,-25.117],[13.61,-13.493],[22.547,-17.582],[22.722,-17.582],[17.698,-7.477],[9.755,-3.797],[5.607,-3.621]]},"ix":2}},{"ty":"sh","bm":0,"hd":false,"mn":"ADBE Vector Shape - Group","nm":"9","ix":2,"d":1,"ks":{"a":0,"k":{"c":true,"i":[[-4.381,0],[0,-6.484],[0.292,-0.467],[3.446,0],[0,4.731]],"o":[[5.374,0],[0,0.818],[-1.343,2.278],[-4.439,0],[0,-5.374]],"v":[[14.953,-34.696],[22.722,-23.247],[22.254,-21.378],[14.778,-17.406],[7.477,-25.467]]},"ix":2}},{"ty":"mm","bm":0,"hd":false,"mn":"ADBE Vector Filter - Merge","nm":"Merge Paths 1","mm":1},{"ty":"fl","bm":0,"hd":false,"mn":"ADBE Vector Graphic - Fill","nm":"Fill 1","c":{"a":0,"k":[0.2,0.7686,0.5059],"ix":4},"r":1,"o":{"a":0,"k":100,"ix":5}},{"ty":"tr","a":{"a":0,"k":[0,0],"ix":1},"s":{"a":0,"k":[100,100],"ix":3},"sk":{"a":0,"k":0,"ix":4},"p":{"a":0,"k":[0,0],"ix":2},"r":{"a":0,"k":0,"ix":6},"sa":{"a":0,"k":0,"ix":5},"o":{"a":0,"k":100,"ix":7}}]}],"ind":19},{"ty":4,"nm":"20 Outlines","sr":1,"st":0,"op":120,"ip":0,"hd":false,"ddd":0,"bm":0,"hasMask":false,"ao":0,"ks":{"a":{"a":0,"k":[0.028,-20.745,0],"ix":1},"s":{"a":0,"k":[454,454,100],"ix":6},"sk":{"a":0,"k":0},"p":{"a":0,"k":[210.028,3620.608,0],"ix":2},"r":{"a":0,"k":0,"ix":10},"sa":{"a":0,"k":0},"o":{"a":0,"k":100,"ix":11}},"ef":[],"shapes":[{"ty":"gr","bm":0,"hd":false,"mn":"ADBE Vector Group","nm":"2","ix":1,"cix":2,"np":3,"it":[{"ty":"sh","bm":0,"hd":false,"mn":"ADBE Vector Shape - Group","nm":"2","ix":1,"d":1,"ks":{"a":0,"k":{"c":true,"i":[[0,0],[0,0],[0,0],[0,0],[0,0],[0,7.009],[8.177,0],[2.628,-2.22],[0,0],[-3.446,0],[0,-3.855],[9.696,-9.229],[0,0],[0,0]],"o":[[0,0],[0,0],[0,0],[0,0],[8.002,-7.71],[0,-5.432],[-4.381,0],[0,0],[1.752,-1.46],[5.666,0],[-0.058,5.724],[0,0],[0,0],[0,0]],"v":[[-2.884,0],[-2.884,-4.264],[-19.94,-4.264],[-19.94,-4.381],[-16.903,-7.185],[-3.819,-27.57],[-15.443,-38.609],[-26.19,-34.754],[-24.555,-31.133],[-16.494,-34.345],[-8.959,-26.927],[-23.094,-7.068],[-27.125,-3.154],[-27.125,0]]},"ix":2}},{"ty":"fl","bm":0,"hd":false,"mn":"ADBE Vector Graphic - Fill","nm":"Fill 1","c":{"a":0,"k":[0.2,0.7686,0.5059],"ix":4},"r":1,"o":{"a":0,"k":100,"ix":5}},{"ty":"tr","a":{"a":0,"k":[0,0],"ix":1},"s":{"a":0,"k":[100,100],"ix":3},"sk":{"a":0,"k":0,"ix":4},"p":{"a":0,"k":[0,0],"ix":2},"r":{"a":0,"k":0,"ix":6},"sa":{"a":0,"k":0,"ix":5},"o":{"a":0,"k":100,"ix":7}}]},{"ty":"gr","bm":0,"hd":false,"mn":"ADBE Vector Group","nm":"0","ix":2,"cix":2,"np":5,"it":[{"ty":"sh","bm":0,"hd":false,"mn":"ADBE Vector Shape - Group","nm":"0","ix":1,"d":1,"ks":{"a":0,"k":{"c":true,"i":[[8.002,0],[0,-12.734],[-7.418,0],[0,12.909]],"o":[[-7.71,0],[0.117,12.558],[8.411,0],[0,-12.091]],"v":[[15.304,-38.609],[2.103,-18.867],[14.661,0.643],[27.862,-19.392]]},"ix":2}},{"ty":"sh","bm":0,"hd":false,"mn":"ADBE Vector Shape - Group","nm":"0","ix":2,"d":1,"ks":{"a":0,"k":{"c":true,"i":[[-4.498,0],[0,-9.346],[5.257,0],[0,9.871]],"o":[[5.315,0],[0,9.696],[-4.673,0],[0,-10.339]],"v":[[15.012,-34.638],[22.722,-19.159],[14.953,-3.329],[7.243,-18.808]]},"ix":2}},{"ty":"mm","bm":0,"hd":false,"mn":"ADBE Vector Filter - Merge","nm":"Merge Paths 1","mm":1},{"ty":"fl","bm":0,"hd":false,"mn":"ADBE Vector Graphic - Fill","nm":"Fill 1","c":{"a":0,"k":[0.2,0.7686,0.5059],"ix":4},"r":1,"o":{"a":0,"k":100,"ix":5}},{"ty":"tr","a":{"a":0,"k":[0,0],"ix":1},"s":{"a":0,"k":[100,100],"ix":3},"sk":{"a":0,"k":0,"ix":4},"p":{"a":0,"k":[0,0],"ix":2},"r":{"a":0,"k":0,"ix":6},"sa":{"a":0,"k":0,"ix":5},"o":{"a":0,"k":100,"ix":7}}]}],"ind":20},{"ty":4,"nm":"21 Outlines","sr":1,"st":0,"op":120,"ip":0,"hd":false,"ddd":0,"bm":0,"hasMask":false,"ao":0,"ks":{"a":{"a":0,"k":[-4.234,-21,0],"ix":1},"s":{"a":0,"k":[454,454,100],"ix":6},"sk":{"a":0,"k":0},"p":{"a":0,"k":[190.677,3309.238,0],"ix":2},"r":{"a":0,"k":0,"ix":10},"sa":{"a":0,"k":0},"o":{"a":0,"k":100,"ix":11}},"ef":[],"shapes":[{"ty":"gr","bm":0,"hd":false,"mn":"ADBE Vector Group","nm":"2","ix":1,"cix":2,"np":3,"it":[{"ty":"sh","bm":0,"hd":false,"mn":"ADBE Vector Shape - Group","nm":"2","ix":1,"d":1,"ks":{"a":0,"k":{"c":true,"i":[[0,0],[0,0],[0,0],[0,0],[0,0],[0,7.009],[8.177,0],[2.628,-2.22],[0,0],[-3.446,0],[0,-3.855],[9.696,-9.229],[0,0],[0,0]],"o":[[0,0],[0,0],[0,0],[0,0],[8.002,-7.71],[0,-5.432],[-4.381,0],[0,0],[1.752,-1.46],[5.666,0],[-0.058,5.724],[0,0],[0,0],[0,0]],"v":[[-2.884,0],[-2.884,-4.264],[-19.94,-4.264],[-19.94,-4.381],[-16.903,-7.185],[-3.819,-27.57],[-15.443,-38.609],[-26.19,-34.754],[-24.555,-31.133],[-16.494,-34.345],[-8.959,-26.927],[-23.094,-7.068],[-27.125,-3.154],[-27.125,0]]},"ix":2}},{"ty":"fl","bm":0,"hd":false,"mn":"ADBE Vector Graphic - Fill","nm":"Fill 1","c":{"a":0,"k":[0.2,0.7686,0.5059],"ix":4},"r":1,"o":{"a":0,"k":100,"ix":5}},{"ty":"tr","a":{"a":0,"k":[0,0],"ix":1},"s":{"a":0,"k":[100,100],"ix":3},"sk":{"a":0,"k":0,"ix":4},"p":{"a":0,"k":[0,0],"ix":2},"r":{"a":0,"k":0,"ix":6},"sa":{"a":0,"k":0,"ix":5},"o":{"a":0,"k":100,"ix":7}}]},{"ty":"gr","bm":0,"hd":false,"mn":"ADBE Vector Group","nm":"1","ix":2,"cix":2,"np":3,"it":[{"ty":"sh","bm":0,"hd":false,"mn":"ADBE Vector Shape - Group","nm":"1","ix":1,"d":1,"ks":{"a":0,"k":{"c":true,"i":[[0,0],[0,0],[0,0],[0,0],[0,0],[0,0],[0,0],[0,0]],"o":[[0,0],[0,0],[0,0],[0,0],[0,0],[0,0],[0,0],[0,0]],"v":[[13.785,0],[18.75,0],[18.75,-37.967],[14.369,-37.967],[6.075,-33.528],[7.068,-29.614],[13.668,-33.177],[13.785,-33.177]]},"ix":2}},{"ty":"fl","bm":0,"hd":false,"mn":"ADBE Vector Graphic - Fill","nm":"Fill 1","c":{"a":0,"k":[0.2,0.7686,0.5059],"ix":4},"r":1,"o":{"a":0,"k":100,"ix":5}},{"ty":"tr","a":{"a":0,"k":[0,0],"ix":1},"s":{"a":0,"k":[100,100],"ix":3},"sk":{"a":0,"k":0,"ix":4},"p":{"a":0,"k":[0,0],"ix":2},"r":{"a":0,"k":0,"ix":6},"sa":{"a":0,"k":0,"ix":5},"o":{"a":0,"k":100,"ix":7}}]}],"ind":21},{"ty":4,"nm":"22 Outlines","sr":1,"st":0,"op":120,"ip":0,"hd":false,"ddd":0,"bm":0,"hasMask":false,"ao":0,"ks":{"a":{"a":0,"k":[0.028,-21,0],"ix":1},"s":{"a":0,"k":[454,454,100],"ix":6},"sk":{"a":0,"k":0},"p":{"a":0,"k":[210.028,2997.867,0],"ix":2},"r":{"a":0,"k":0,"ix":10},"sa":{"a":0,"k":0},"o":{"a":0,"k":100,"ix":11}},"ef":[],"shapes":[{"ty":"gr","bm":0,"hd":false,"mn":"ADBE Vector Group","nm":"2","ix":1,"cix":2,"np":3,"it":[{"ty":"sh","bm":0,"hd":false,"mn":"ADBE Vector Shape - Group","nm":"2","ix":1,"d":1,"ks":{"a":0,"k":{"c":true,"i":[[0,0],[0,0],[0,0],[0,0],[0,0],[0,7.009],[8.177,0],[2.628,-2.22],[0,0],[-3.446,0],[0,-3.855],[9.696,-9.229],[0,0],[0,0]],"o":[[0,0],[0,0],[0,0],[0,0],[8.002,-7.71],[0,-5.432],[-4.381,0],[0,0],[1.752,-1.46],[5.666,0],[-0.058,5.724],[0,0],[0,0],[0,0]],"v":[[-2.884,0],[-2.884,-4.264],[-19.94,-4.264],[-19.94,-4.381],[-16.903,-7.185],[-3.819,-27.57],[-15.443,-38.609],[-26.19,-34.754],[-24.555,-31.133],[-16.494,-34.345],[-8.959,-26.927],[-23.094,-7.068],[-27.125,-3.154],[-27.125,0]]},"ix":2}},{"ty":"fl","bm":0,"hd":false,"mn":"ADBE Vector Graphic - Fill","nm":"Fill 1","c":{"a":0,"k":[0.2,0.7686,0.5059],"ix":4},"r":1,"o":{"a":0,"k":100,"ix":5}},{"ty":"tr","a":{"a":0,"k":[0,0],"ix":1},"s":{"a":0,"k":[100,100],"ix":3},"sk":{"a":0,"k":0,"ix":4},"p":{"a":0,"k":[0,0],"ix":2},"r":{"a":0,"k":0,"ix":6},"sa":{"a":0,"k":0,"ix":5},"o":{"a":0,"k":100,"ix":7}}]},{"ty":"gr","bm":0,"hd":false,"mn":"ADBE Vector Group","nm":"2","ix":2,"cix":2,"np":3,"it":[{"ty":"sh","bm":0,"hd":false,"mn":"ADBE Vector Shape - Group","nm":"2","ix":1,"d":1,"ks":{"a":0,"k":{"c":true,"i":[[0,0],[0,0],[0,0],[0,0],[0,0],[0,7.009],[8.177,0],[2.628,-2.22],[0,0],[-3.446,0],[0,-3.855],[9.696,-9.229],[0,0],[0,0]],"o":[[0,0],[0,0],[0,0],[0,0],[8.002,-7.71],[0,-5.432],[-4.381,0],[0,0],[1.752,-1.46],[5.666,0],[-0.058,5.724],[0,0],[0,0],[0,0]],"v":[[26.869,0],[26.869,-4.264],[9.813,-4.264],[9.813,-4.381],[12.85,-7.185],[25.934,-27.57],[14.311,-38.609],[3.563,-34.754],[5.199,-31.133],[13.259,-34.345],[20.794,-26.927],[6.659,-7.068],[2.628,-3.154],[2.628,0]]},"ix":2}},{"ty":"fl","bm":0,"hd":false,"mn":"ADBE Vector Graphic - Fill","nm":"Fill 1","c":{"a":0,"k":[0.2,0.7686,0.5059],"ix":4},"r":1,"o":{"a":0,"k":100,"ix":5}},{"ty":"tr","a":{"a":0,"k":[0,0],"ix":1},"s":{"a":0,"k":[100,100],"ix":3},"sk":{"a":0,"k":0,"ix":4},"p":{"a":0,"k":[0,0],"ix":2},"r":{"a":0,"k":0,"ix":6},"sa":{"a":0,"k":0,"ix":5},"o":{"a":0,"k":100,"ix":7}}]}],"ind":22},{"ty":4,"nm":"23 Outlines","sr":1,"st":0,"op":120,"ip":0,"hd":false,"ddd":0,"bm":0,"hasMask":false,"ao":0,"ks":{"a":{"a":0,"k":[-0.142,-20.716,0],"ix":1},"s":{"a":0,"k":[454,454,100],"ix":6},"sk":{"a":0,"k":0},"p":{"a":0,"k":[209.256,2686.497,0],"ix":2},"r":{"a":0,"k":0,"ix":10},"sa":{"a":0,"k":0},"o":{"a":0,"k":100,"ix":11}},"ef":[],"shapes":[{"ty":"gr","bm":0,"hd":false,"mn":"ADBE Vector Group","nm":"2","ix":1,"cix":2,"np":3,"it":[{"ty":"sh","bm":0,"hd":false,"mn":"ADBE Vector Shape - Group","nm":"2","ix":1,"d":1,"ks":{"a":0,"k":{"c":true,"i":[[0,0],[0,0],[0,0],[0,0],[0,0],[0,7.009],[8.177,0],[2.628,-2.22],[0,0],[-3.446,0],[0,-3.855],[9.696,-9.229],[0,0],[0,0]],"o":[[0,0],[0,0],[0,0],[0,0],[8.002,-7.71],[0,-5.432],[-4.381,0],[0,0],[1.752,-1.46],[5.666,0],[-0.058,5.724],[0,0],[0,0],[0,0]],"v":[[-2.884,0],[-2.884,-4.264],[-19.94,-4.264],[-19.94,-4.381],[-16.903,-7.185],[-3.819,-27.57],[-15.443,-38.609],[-26.19,-34.754],[-24.555,-31.133],[-16.494,-34.345],[-8.959,-26.927],[-23.094,-7.068],[-27.125,-3.154],[-27.125,0]]},"ix":2}},{"ty":"fl","bm":0,"hd":false,"mn":"ADBE Vector Graphic - Fill","nm":"Fill 1","c":{"a":0,"k":[0.2,0.7686,0.5059],"ix":4},"r":1,"o":{"a":0,"k":100,"ix":5}},{"ty":"tr","a":{"a":0,"k":[0,0],"ix":1},"s":{"a":0,"k":[100,100],"ix":3},"sk":{"a":0,"k":0,"ix":4},"p":{"a":0,"k":[0,0],"ix":2},"r":{"a":0,"k":0,"ix":6},"sa":{"a":0,"k":0,"ix":5},"o":{"a":0,"k":100,"ix":7}}]},{"ty":"gr","bm":0,"hd":false,"mn":"ADBE Vector Group","nm":"3","ix":2,"cix":2,"np":3,"it":[{"ty":"sh","bm":0,"hd":false,"mn":"ADBE Vector Shape - Group","nm":"3","ix":1,"d":1,"ks":{"a":0,"k":{"c":true,"i":[[0,0],[-4.264,0],[0,6.075],[4.673,0.935],[0,0],[0,3.914],[7.477,0],[1.986,-1.46],[0,0],[-3.037,0],[0,-3.037],[3.738,0],[0,0],[0,0],[0,0],[-0.058,-5.315],[6.6,0],[1.46,0.935]],"o":[[1.869,1.227],[9.112,0],[0,-5.315],[0,0],[4.673,-1.694],[0,-4.614],[-4.089,0],[0,0],[1.635,-1.168],[4.731,0],[0,4.498],[0,0],[0,0],[0,0],[4.965,0],[0.058,3.154],[-3.563,0],[0,0]],"v":[[2.453,-1.928],[12.325,0.643],[26.168,-10.748],[17.698,-20.502],[17.698,-20.619],[24.708,-29.556],[13.843,-38.609],[3.914,-35.689],[5.257,-31.951],[12.85,-34.462],[19.509,-28.738],[11.04,-22.313],[8.177,-22.313],[8.177,-18.458],[11.04,-18.458],[20.853,-10.864],[12.266,-3.505],[3.855,-5.899]]},"ix":2}},{"ty":"fl","bm":0,"hd":false,"mn":"ADBE Vector Graphic - Fill","nm":"Fill 1","c":{"a":0,"k":[0.2,0.7686,0.5059],"ix":4},"r":1,"o":{"a":0,"k":100,"ix":5}},{"ty":"tr","a":{"a":0,"k":[0,0],"ix":1},"s":{"a":0,"k":[100,100],"ix":3},"sk":{"a":0,"k":0,"ix":4},"p":{"a":0,"k":[0,0],"ix":2},"r":{"a":0,"k":0,"ix":6},"sa":{"a":0,"k":0,"ix":5},"o":{"a":0,"k":100,"ix":7}}]}],"ind":23},{"ty":4,"nm":"24 Outlines","sr":1,"st":0,"op":120,"ip":0,"hd":false,"ddd":0,"bm":0,"hasMask":false,"ao":0,"ks":{"a":{"a":0,"k":[0.765,-21,0],"ix":1},"s":{"a":0,"k":[454,454,100],"ix":6},"sk":{"a":0,"k":0},"p":{"a":0,"k":[213.37,2375.126,0],"ix":2},"r":{"a":0,"k":0,"ix":10},"sa":{"a":0,"k":0},"o":{"a":0,"k":100,"ix":11}},"ef":[],"shapes":[{"ty":"gr","bm":0,"hd":false,"mn":"ADBE Vector Group","nm":"2","ix":1,"cix":2,"np":3,"it":[{"ty":"sh","bm":0,"hd":false,"mn":"ADBE Vector Shape - Group","nm":"2","ix":1,"d":1,"ks":{"a":0,"k":{"c":true,"i":[[0,0],[0,0],[0,0],[0,0],[0,0],[0,7.009],[8.177,0],[2.628,-2.22],[0,0],[-3.446,0],[0,-3.855],[9.696,-9.229],[0,0],[0,0]],"o":[[0,0],[0,0],[0,0],[0,0],[8.002,-7.71],[0,-5.432],[-4.381,0],[0,0],[1.752,-1.46],[5.666,0],[-0.058,5.724],[0,0],[0,0],[0,0]],"v":[[-2.884,0],[-2.884,-4.264],[-19.94,-4.264],[-19.94,-4.381],[-16.903,-7.185],[-3.819,-27.57],[-15.443,-38.609],[-26.19,-34.754],[-24.555,-31.133],[-16.494,-34.345],[-8.959,-26.927],[-23.094,-7.068],[-27.125,-3.154],[-27.125,0]]},"ix":2}},{"ty":"fl","bm":0,"hd":false,"mn":"ADBE Vector Graphic - Fill","nm":"Fill 1","c":{"a":0,"k":[0.2,0.7686,0.5059],"ix":4},"r":1,"o":{"a":0,"k":100,"ix":5}},{"ty":"tr","a":{"a":0,"k":[0,0],"ix":1},"s":{"a":0,"k":[100,100],"ix":3},"sk":{"a":0,"k":0,"ix":4},"p":{"a":0,"k":[0,0],"ix":2},"r":{"a":0,"k":0,"ix":6},"sa":{"a":0,"k":0,"ix":5},"o":{"a":0,"k":100,"ix":7}}]},{"ty":"gr","bm":0,"hd":false,"mn":"ADBE Vector Group","nm":"4","ix":2,"cix":2,"np":5,"it":[{"ty":"sh","bm":0,"hd":false,"mn":"ADBE Vector Shape - Group","nm":"4","ix":1,"d":1,"ks":{"a":0,"k":{"c":true,"i":[[0,0],[0,0],[0,0],[0,0],[0,0],[0,0],[0,0],[0,0],[0,0],[0,0],[0,0]],"o":[[0,0],[0,0],[0,0],[0,0],[0,0],[0,0],[0,0],[0,0],[0,0],[0,0],[0,0]],"v":[[23.364,0],[23.364,-10.339],[28.68,-10.339],[28.68,-14.369],[23.364,-14.369],[23.364,-37.967],[17.815,-37.967],[0.876,-13.727],[0.876,-10.339],[18.516,-10.339],[18.516,0]]},"ix":2}},{"ty":"sh","bm":0,"hd":false,"mn":"ADBE Vector Shape - Group","nm":"4","ix":2,"d":1,"ks":{"a":0,"k":{"c":true,"i":[[0,0],[0,0],[0,0],[-1.168,2.22],[0,0],[0,-1.986],[0,0]],"o":[[0,0],[0,0],[1.051,-1.752],[0,0],[-0.117,1.986],[0,0],[0,0]],"v":[[6.075,-14.369],[6.075,-14.486],[15.362,-27.395],[18.516,-33.002],[18.691,-33.002],[18.516,-27.044],[18.516,-14.369]]},"ix":2}},{"ty":"mm","bm":0,"hd":false,"mn":"ADBE Vector Filter - Merge","nm":"Merge Paths 1","mm":1},{"ty":"fl","bm":0,"hd":false,"mn":"ADBE Vector Graphic - Fill","nm":"Fill 1","c":{"a":0,"k":[0.2,0.7686,0.5059],"ix":4},"r":1,"o":{"a":0,"k":100,"ix":5}},{"ty":"tr","a":{"a":0,"k":[0,0],"ix":1},"s":{"a":0,"k":[100,100],"ix":3},"sk":{"a":0,"k":0,"ix":4},"p":{"a":0,"k":[0,0],"ix":2},"r":{"a":0,"k":0,"ix":6},"sa":{"a":0,"k":0,"ix":5},"o":{"a":0,"k":100,"ix":7}}]}],"ind":24},{"ty":4,"nm":"25 Outlines","sr":1,"st":0,"op":120,"ip":0,"hd":false,"ddd":0,"bm":0,"hasMask":false,"ao":0,"ks":{"a":{"a":0,"k":[-0.198,-20.716,0],"ix":1},"s":{"a":0,"k":[454,454,100],"ix":6},"sk":{"a":0,"k":0},"p":{"a":0,"k":[208.999,2063.756,0],"ix":2},"r":{"a":0,"k":0,"ix":10},"sa":{"a":0,"k":0},"o":{"a":0,"k":100,"ix":11}},"ef":[],"shapes":[{"ty":"gr","bm":0,"hd":false,"mn":"ADBE Vector Group","nm":"2","ix":1,"cix":2,"np":3,"it":[{"ty":"sh","bm":0,"hd":false,"mn":"ADBE Vector Shape - Group","nm":"2","ix":1,"d":1,"ks":{"a":0,"k":{"c":true,"i":[[0,0],[0,0],[0,0],[0,0],[0,0],[0,7.009],[8.177,0],[2.628,-2.22],[0,0],[-3.446,0],[0,-3.855],[9.696,-9.229],[0,0],[0,0]],"o":[[0,0],[0,0],[0,0],[0,0],[8.002,-7.71],[0,-5.432],[-4.381,0],[0,0],[1.752,-1.46],[5.666,0],[-0.058,5.724],[0,0],[0,0],[0,0]],"v":[[-2.884,0],[-2.884,-4.264],[-19.94,-4.264],[-19.94,-4.381],[-16.903,-7.185],[-3.819,-27.57],[-15.443,-38.609],[-26.19,-34.754],[-24.555,-31.133],[-16.494,-34.345],[-8.959,-26.927],[-23.094,-7.068],[-27.125,-3.154],[-27.125,0]]},"ix":2}},{"ty":"fl","bm":0,"hd":false,"mn":"ADBE Vector Graphic - Fill","nm":"Fill 1","c":{"a":0,"k":[0.2,0.7686,0.5059],"ix":4},"r":1,"o":{"a":0,"k":100,"ix":5}},{"ty":"tr","a":{"a":0,"k":[0,0],"ix":1},"s":{"a":0,"k":[100,100],"ix":3},"sk":{"a":0,"k":0,"ix":4},"p":{"a":0,"k":[0,0],"ix":2},"r":{"a":0,"k":0,"ix":6},"sa":{"a":0,"k":0,"ix":5},"o":{"a":0,"k":100,"ix":7}}]},{"ty":"gr","bm":0,"hd":false,"mn":"ADBE Vector Group","nm":"5","ix":2,"cix":2,"np":3,"it":[{"ty":"sh","bm":0,"hd":false,"mn":"ADBE Vector Shape - Group","nm":"5","ix":1,"d":1,"ks":{"a":0,"k":{"c":true,"i":[[0,0],[0,0],[0,0],[-2.161,0],[-0.058,-4.906],[4.848,0],[1.577,0.935],[0,0],[-4.147,0],[0,7.418],[2.979,1.694],[2.921,0],[0.876,-0.117],[0,0],[0,0]],"o":[[0,0],[0,0],[1.402,-0.175],[7.593,0],[0,5.082],[-3.446,0],[0,0],[1.811,1.168],[8.236,0],[0,-4.79],[-2.336,-1.402],[-1.402,0],[0,0],[0,0],[0,0]],"v":[[25.292,-37.967],[7.126,-37.967],[4.673,-19.743],[9.93,-20.152],[20.853,-11.741],[11.857,-3.505],[3.738,-5.607],[2.453,-1.694],[11.916,0.643],[26.051,-12.325],[20.619,-22.079],[12.441,-24.124],[9.346,-23.89],[10.806,-33.645],[25.292,-33.645]]},"ix":2}},{"ty":"fl","bm":0,"hd":false,"mn":"ADBE Vector Graphic - Fill","nm":"Fill 1","c":{"a":0,"k":[0.2,0.7686,0.5059],"ix":4},"r":1,"o":{"a":0,"k":100,"ix":5}},{"ty":"tr","a":{"a":0,"k":[0,0],"ix":1},"s":{"a":0,"k":[100,100],"ix":3},"sk":{"a":0,"k":0,"ix":4},"p":{"a":0,"k":[0,0],"ix":2},"r":{"a":0,"k":0,"ix":6},"sa":{"a":0,"k":0,"ix":5},"o":{"a":0,"k":100,"ix":7}}]}],"ind":25},{"ty":4,"nm":"26 Outlines","sr":1,"st":0,"op":120,"ip":0,"hd":false,"ddd":0,"bm":0,"hasMask":false,"ao":0,"ks":{"a":{"a":0,"k":[0.113,-20.716,0],"ix":1},"s":{"a":0,"k":[454,454,100],"ix":6},"sk":{"a":0,"k":0},"p":{"a":0,"k":[210.413,1752.385,0],"ix":2},"r":{"a":0,"k":0,"ix":10},"sa":{"a":0,"k":0},"o":{"a":0,"k":100,"ix":11}},"ef":[],"shapes":[{"ty":"gr","bm":0,"hd":false,"mn":"ADBE Vector Group","nm":"2","ix":1,"cix":2,"np":3,"it":[{"ty":"sh","bm":0,"hd":false,"mn":"ADBE Vector Shape - Group","nm":"2","ix":1,"d":1,"ks":{"a":0,"k":{"c":true,"i":[[0,0],[0,0],[0,0],[0,0],[0,0],[0,7.009],[8.177,0],[2.628,-2.22],[0,0],[-3.446,0],[0,-3.855],[9.696,-9.229],[0,0],[0,0]],"o":[[0,0],[0,0],[0,0],[0,0],[8.002,-7.71],[0,-5.432],[-4.381,0],[0,0],[1.752,-1.46],[5.666,0],[-0.058,5.724],[0,0],[0,0],[0,0]],"v":[[-2.884,0],[-2.884,-4.264],[-19.94,-4.264],[-19.94,-4.381],[-16.903,-7.185],[-3.819,-27.57],[-15.443,-38.609],[-26.19,-34.754],[-24.555,-31.133],[-16.494,-34.345],[-8.959,-26.927],[-23.094,-7.068],[-27.125,-3.154],[-27.125,0]]},"ix":2}},{"ty":"fl","bm":0,"hd":false,"mn":"ADBE Vector Graphic - Fill","nm":"Fill 1","c":{"a":0,"k":[0.2,0.7686,0.5059],"ix":4},"r":1,"o":{"a":0,"k":100,"ix":5}},{"ty":"tr","a":{"a":0,"k":[0,0],"ix":1},"s":{"a":0,"k":[100,100],"ix":3},"sk":{"a":0,"k":0,"ix":4},"p":{"a":0,"k":[0,0],"ix":2},"r":{"a":0,"k":0,"ix":6},"sa":{"a":0,"k":0,"ix":5},"o":{"a":0,"k":100,"ix":7}}]},{"ty":"gr","bm":0,"hd":false,"mn":"ADBE Vector Group","nm":"6","ix":2,"cix":2,"np":5,"it":[{"ty":"sh","bm":0,"hd":false,"mn":"ADBE Vector Shape - Group","nm":"6","ix":1,"d":1,"ks":{"a":0,"k":{"c":true,"i":[[0,0],[1.519,-0.234],[3.154,-3.096],[0,-7.477],[-8.119,0],[0,6.951],[6.717,0],[1.811,-2.395],[0,0],[-8.061,1.343],[-1.051,-0.058]],"o":[[-0.935,0],[-4.79,0.584],[-3.738,3.738],[0,9.871],[7.885,0],[0,-7.418],[-4.206,0],[0,0],[0.876,-6.25],[1.46,-0.234],[0,0]],"v":[[24.299,-38.551],[20.561,-38.259],[8.411,-32.652],[1.986,-15.537],[15.42,0.643],[28.037,-12.734],[16.589,-25],[7.418,-20.619],[7.243,-20.619],[20.444,-34.112],[24.299,-34.345]]},"ix":2}},{"ty":"sh","bm":0,"hd":false,"mn":"ADBE Vector Shape - Group","nm":"6","ix":2,"d":1,"ks":{"a":0,"k":{"c":true,"i":[[4.439,0],[0.117,6.25],[-0.35,0.584],[-3.096,0],[0,-5.432]],"o":[[-5.374,0],[0,-0.935],[1.402,-2.745],[4.731,0],[0,5.432]],"v":[[15.42,-3.329],[7.068,-14.194],[7.652,-16.472],[15.012,-21.145],[22.839,-12.441]]},"ix":2}},{"ty":"mm","bm":0,"hd":false,"mn":"ADBE Vector Filter - Merge","nm":"Merge Paths 1","mm":1},{"ty":"fl","bm":0,"hd":false,"mn":"ADBE Vector Graphic - Fill","nm":"Fill 1","c":{"a":0,"k":[0.2,0.7686,0.5059],"ix":4},"r":1,"o":{"a":0,"k":100,"ix":5}},{"ty":"tr","a":{"a":0,"k":[0,0],"ix":1},"s":{"a":0,"k":[100,100],"ix":3},"sk":{"a":0,"k":0,"ix":4},"p":{"a":0,"k":[0,0],"ix":2},"r":{"a":0,"k":0,"ix":6},"sa":{"a":0,"k":0,"ix":5},"o":{"a":0,"k":100,"ix":7}}]}],"ind":26},{"ty":4,"nm":"27 Outlines","sr":1,"st":0,"op":120,"ip":0,"hd":false,"ddd":0,"bm":0,"hasMask":false,"ao":0,"ks":{"a":{"a":0,"k":[0.085,-21,0],"ix":1},"s":{"a":0,"k":[454,454,100],"ix":6},"sk":{"a":0,"k":0},"p":{"a":0,"k":[210.285,1441.015,0],"ix":2},"r":{"a":0,"k":0,"ix":10},"sa":{"a":0,"k":0},"o":{"a":0,"k":100,"ix":11}},"ef":[],"shapes":[{"ty":"gr","bm":0,"hd":false,"mn":"ADBE Vector Group","nm":"2","ix":1,"cix":2,"np":3,"it":[{"ty":"sh","bm":0,"hd":false,"mn":"ADBE Vector Shape - Group","nm":"2","ix":1,"d":1,"ks":{"a":0,"k":{"c":true,"i":[[0,0],[0,0],[0,0],[0,0],[0,0],[0,7.009],[8.177,0],[2.628,-2.22],[0,0],[-3.446,0],[0,-3.855],[9.696,-9.229],[0,0],[0,0]],"o":[[0,0],[0,0],[0,0],[0,0],[8.002,-7.71],[0,-5.432],[-4.381,0],[0,0],[1.752,-1.46],[5.666,0],[-0.058,5.724],[0,0],[0,0],[0,0]],"v":[[-2.884,0],[-2.884,-4.264],[-19.94,-4.264],[-19.94,-4.381],[-16.903,-7.185],[-3.819,-27.57],[-15.443,-38.609],[-26.19,-34.754],[-24.555,-31.133],[-16.494,-34.345],[-8.959,-26.927],[-23.094,-7.068],[-27.125,-3.154],[-27.125,0]]},"ix":2}},{"ty":"fl","bm":0,"hd":false,"mn":"ADBE Vector Graphic - Fill","nm":"Fill 1","c":{"a":0,"k":[0.2,0.7686,0.5059],"ix":4},"r":1,"o":{"a":0,"k":100,"ix":5}},{"ty":"tr","a":{"a":0,"k":[0,0],"ix":1},"s":{"a":0,"k":[100,100],"ix":3},"sk":{"a":0,"k":0,"ix":4},"p":{"a":0,"k":[0,0],"ix":2},"r":{"a":0,"k":0,"ix":6},"sa":{"a":0,"k":0,"ix":5},"o":{"a":0,"k":100,"ix":7}}]},{"ty":"gr","bm":0,"hd":false,"mn":"ADBE Vector Group","nm":"7","ix":2,"cix":2,"np":3,"it":[{"ty":"sh","bm":0,"hd":false,"mn":"ADBE Vector Shape - Group","nm":"7","ix":1,"d":1,"ks":{"a":0,"k":{"c":true,"i":[[0,0],[0,0],[0,0],[0,0],[0,0],[0,0],[0,0],[0,0]],"o":[[0,0],[0,0],[0,0],[0,0],[0,0],[0,0],[0,0],[0,0]],"v":[[3.329,-37.967],[3.329,-33.703],[21.904,-33.703],[21.904,-33.586],[5.432,0],[10.748,0],[27.278,-34.579],[27.278,-37.967]]},"ix":2}},{"ty":"fl","bm":0,"hd":false,"mn":"ADBE Vector Graphic - Fill","nm":"Fill 1","c":{"a":0,"k":[0.2,0.7686,0.5059],"ix":4},"r":1,"o":{"a":0,"k":100,"ix":5}},{"ty":"tr","a":{"a":0,"k":[0,0],"ix":1},"s":{"a":0,"k":[100,100],"ix":3},"sk":{"a":0,"k":0,"ix":4},"p":{"a":0,"k":[0,0],"ix":2},"r":{"a":0,"k":0,"ix":6},"sa":{"a":0,"k":0,"ix":5},"o":{"a":0,"k":100,"ix":7}}]}],"ind":27},{"ty":4,"nm":"28 Outlines","sr":1,"st":0,"op":120,"ip":0,"hd":false,"ddd":0,"bm":0,"hasMask":false,"ao":0,"ks":{"a":{"a":0,"k":[0.028,-20.716,0],"ix":1},"s":{"a":0,"k":[454,454,100],"ix":6},"sk":{"a":0,"k":0},"p":{"a":0,"k":[210.028,1129.644,0],"ix":2},"r":{"a":0,"k":0,"ix":10},"sa":{"a":0,"k":0},"o":{"a":0,"k":100,"ix":11}},"ef":[],"shapes":[{"ty":"gr","bm":0,"hd":false,"mn":"ADBE Vector Group","nm":"2","ix":1,"cix":2,"np":3,"it":[{"ty":"sh","bm":0,"hd":false,"mn":"ADBE Vector Shape - Group","nm":"2","ix":1,"d":1,"ks":{"a":0,"k":{"c":true,"i":[[0,0],[0,0],[0,0],[0,0],[0,0],[0,7.009],[8.177,0],[2.628,-2.22],[0,0],[-3.446,0],[0,-3.855],[9.696,-9.229],[0,0],[0,0]],"o":[[0,0],[0,0],[0,0],[0,0],[8.002,-7.71],[0,-5.432],[-4.381,0],[0,0],[1.752,-1.46],[5.666,0],[-0.058,5.724],[0,0],[0,0],[0,0]],"v":[[-2.884,0],[-2.884,-4.264],[-19.94,-4.264],[-19.94,-4.381],[-16.903,-7.185],[-3.819,-27.57],[-15.443,-38.609],[-26.19,-34.754],[-24.555,-31.133],[-16.494,-34.345],[-8.959,-26.927],[-23.094,-7.068],[-27.125,-3.154],[-27.125,0]]},"ix":2}},{"ty":"fl","bm":0,"hd":false,"mn":"ADBE Vector Graphic - Fill","nm":"Fill 1","c":{"a":0,"k":[0.2,0.7686,0.5059],"ix":4},"r":1,"o":{"a":0,"k":100,"ix":5}},{"ty":"tr","a":{"a":0,"k":[0,0],"ix":1},"s":{"a":0,"k":[100,100],"ix":3},"sk":{"a":0,"k":0,"ix":4},"p":{"a":0,"k":[0,0],"ix":2},"r":{"a":0,"k":0,"ix":6},"sa":{"a":0,"k":0,"ix":5},"o":{"a":0,"k":100,"ix":7}}]},{"ty":"gr","bm":0,"hd":false,"mn":"ADBE Vector Group","nm":"8","ix":2,"cix":2,"np":6,"it":[{"ty":"sh","bm":0,"hd":false,"mn":"ADBE Vector Shape - Group","nm":"8","ix":1,"d":1,"ks":{"a":0,"k":{"c":true,"i":[[-7.944,0],[0,6.6],[4.731,1.869],[0,0],[0,3.213],[7.36,0],[0,-6.016],[-4.206,-1.986],[0,0],[0,-4.79]],"o":[[7.243,0],[0,-4.614],[0,0],[4.673,-2.22],[0,-4.731],[-6.659,0],[0,3.271],[0,0],[-4.673,1.986],[0,5.549]],"v":[[14.895,0.643],[27.803,-10.397],[20.152,-20.21],[20.152,-20.385],[26.402,-29.264],[15.362,-38.609],[3.621,-28.504],[9.638,-19.976],[9.696,-19.801],[2.161,-9.638]]},"ix":2}},{"ty":"sh","bm":0,"hd":false,"mn":"ADBE Vector Shape - Group","nm":"8","ix":2,"d":1,"ks":{"a":0,"k":{"c":true,"i":[[4.614,0],[-0.175,3.855],[-4.439,1.285],[0,-4.614]],"o":[[-4.848,0],[0,-3.621],[5.14,1.46],[0,3.914]],"v":[[15.012,-3.096],[7.418,-10.339],[14.252,-18.166],[22.605,-9.871]]},"ix":2}},{"ty":"sh","bm":0,"hd":false,"mn":"ADBE Vector Shape - Group","nm":"8","ix":3,"d":1,"ks":{"a":0,"k":{"c":true,"i":[[-4.264,0],[0,-3.037],[3.271,-1.11],[0,3.797]],"o":[[4.614,0],[0,3.446],[-4.381,-1.168],[0,-3.271]],"v":[[15.07,-34.93],[21.495,-28.738],[15.712,-21.846],[8.47,-28.855]]},"ix":2}},{"ty":"mm","bm":0,"hd":false,"mn":"ADBE Vector Filter - Merge","nm":"Merge Paths 1","mm":1},{"ty":"fl","bm":0,"hd":false,"mn":"ADBE Vector Graphic - Fill","nm":"Fill 1","c":{"a":0,"k":[0.2,0.7686,0.5059],"ix":4},"r":1,"o":{"a":0,"k":100,"ix":5}},{"ty":"tr","a":{"a":0,"k":[0,0],"ix":1},"s":{"a":0,"k":[100,100],"ix":3},"sk":{"a":0,"k":0,"ix":4},"p":{"a":0,"k":[0,0],"ix":2},"r":{"a":0,"k":0,"ix":6},"sa":{"a":0,"k":0,"ix":5},"o":{"a":0,"k":100,"ix":7}}]}],"ind":28},{"ty":4,"nm":"29 Outlines","sr":1,"st":0,"op":120,"ip":0,"hd":false,"ddd":0,"bm":0,"hasMask":false,"ao":0,"ks":{"a":{"a":0,"k":[0,-20.716,0],"ix":1},"s":{"a":0,"k":[454,454,100],"ix":6},"sk":{"a":0,"k":0},"p":{"a":0,"k":[209.899,818.274,0],"ix":2},"r":{"a":0,"k":0,"ix":10},"sa":{"a":0,"k":0},"o":{"a":0,"k":100,"ix":11}},"ef":[],"shapes":[{"ty":"gr","bm":0,"hd":false,"mn":"ADBE Vector Group","nm":"2","ix":1,"cix":2,"np":3,"it":[{"ty":"sh","bm":0,"hd":false,"mn":"ADBE Vector Shape - Group","nm":"2","ix":1,"d":1,"ks":{"a":0,"k":{"c":true,"i":[[0,0],[0,0],[0,0],[0,0],[0,0],[0,7.009],[8.177,0],[2.628,-2.22],[0,0],[-3.446,0],[0,-3.855],[9.696,-9.229],[0,0],[0,0]],"o":[[0,0],[0,0],[0,0],[0,0],[8.002,-7.71],[0,-5.432],[-4.381,0],[0,0],[1.752,-1.46],[5.666,0],[-0.058,5.724],[0,0],[0,0],[0,0]],"v":[[-2.884,0],[-2.884,-4.264],[-19.94,-4.264],[-19.94,-4.381],[-16.903,-7.185],[-3.819,-27.57],[-15.443,-38.609],[-26.19,-34.754],[-24.555,-31.133],[-16.494,-34.345],[-8.959,-26.927],[-23.094,-7.068],[-27.125,-3.154],[-27.125,0]]},"ix":2}},{"ty":"fl","bm":0,"hd":false,"mn":"ADBE Vector Graphic - Fill","nm":"Fill 1","c":{"a":0,"k":[0.2,0.7686,0.5059],"ix":4},"r":1,"o":{"a":0,"k":100,"ix":5}},{"ty":"tr","a":{"a":0,"k":[0,0],"ix":1},"s":{"a":0,"k":[100,100],"ix":3},"sk":{"a":0,"k":0,"ix":4},"p":{"a":0,"k":[0,0],"ix":2},"r":{"a":0,"k":0,"ix":6},"sa":{"a":0,"k":0,"ix":5},"o":{"a":0,"k":100,"ix":7}}]},{"ty":"gr","bm":0,"hd":false,"mn":"ADBE Vector Group","nm":"9","ix":2,"cix":2,"np":5,"it":[{"ty":"sh","bm":0,"hd":false,"mn":"ADBE Vector Shape - Group","nm":"9","ix":1,"d":1,"ks":{"a":0,"k":{"c":true,"i":[[0,0],[-1.869,0.292],[-2.921,2.862],[0,8.353],[7.769,0],[0,-7.185],[-6.834,0],[-2.103,2.57],[0,0],[2.512,-2.278],[2.979,-0.409],[1.11,0.117]],"o":[[1.227,0.058],[4.089,-0.467],[3.738,-3.621],[0,-9.696],[-7.769,0],[0,6.484],[3.797,0],[0,0],[-0.701,4.498],[-2.161,2.044],[-1.752,0.175],[0,0]],"v":[[5.607,0.584],[10.339,0.292],[21.378,-4.79],[27.92,-22.605],[15.362,-38.609],[2.395,-25.117],[13.61,-13.493],[22.547,-17.582],[22.722,-17.582],[17.698,-7.477],[9.755,-3.797],[5.607,-3.621]]},"ix":2}},{"ty":"sh","bm":0,"hd":false,"mn":"ADBE Vector Shape - Group","nm":"9","ix":2,"d":1,"ks":{"a":0,"k":{"c":true,"i":[[-4.381,0],[0,-6.484],[0.292,-0.467],[3.446,0],[0,4.731]],"o":[[5.374,0],[0,0.818],[-1.343,2.278],[-4.439,0],[0,-5.374]],"v":[[14.953,-34.696],[22.722,-23.247],[22.254,-21.378],[14.778,-17.406],[7.477,-25.467]]},"ix":2}},{"ty":"mm","bm":0,"hd":false,"mn":"ADBE Vector Filter - Merge","nm":"Merge Paths 1","mm":1},{"ty":"fl","bm":0,"hd":false,"mn":"ADBE Vector Graphic - Fill","nm":"Fill 1","c":{"a":0,"k":[0.2,0.7686,0.5059],"ix":4},"r":1,"o":{"a":0,"k":100,"ix":5}},{"ty":"tr","a":{"a":0,"k":[0,0],"ix":1},"s":{"a":0,"k":[100,100],"ix":3},"sk":{"a":0,"k":0,"ix":4},"p":{"a":0,"k":[0,0],"ix":2},"r":{"a":0,"k":0,"ix":6},"sa":{"a":0,"k":0,"ix":5},"o":{"a":0,"k":100,"ix":7}}]}],"ind":29},{"ty":4,"nm":"30 Outlines","sr":1,"st":0,"op":120,"ip":0,"hd":false,"ddd":0,"bm":0,"hasMask":false,"ao":0,"ks":{"a":{"a":0,"k":[-0.028,-20.745,0],"ix":1},"s":{"a":0,"k":[454,454,100],"ix":6},"sk":{"a":0,"k":0},"p":{"a":0,"k":[210.285,506.903,0],"ix":2},"r":{"a":0,"k":0,"ix":10},"sa":{"a":0,"k":0},"o":{"a":0,"k":100,"ix":11}},"ef":[],"shapes":[{"ty":"gr","bm":0,"hd":false,"mn":"ADBE Vector Group","nm":"3","ix":1,"cix":2,"np":3,"it":[{"ty":"sh","bm":0,"hd":false,"mn":"ADBE Vector Shape - Group","nm":"3","ix":1,"d":1,"ks":{"a":0,"k":{"c":true,"i":[[0,0],[-4.264,0],[0,6.075],[4.673,0.935],[0,0],[0,3.914],[7.477,0],[1.986,-1.46],[0,0],[-3.037,0],[0,-3.037],[3.738,0],[0,0],[0,0],[0,0],[-0.058,-5.315],[6.6,0],[1.46,0.935]],"o":[[1.869,1.227],[9.112,0],[0,-5.315],[0,0],[4.673,-1.694],[0,-4.614],[-4.089,0],[0,0],[1.635,-1.168],[4.731,0],[0,4.498],[0,0],[0,0],[0,0],[4.965,0],[0.058,3.154],[-3.563,0],[0,0]],"v":[[-27.3,-1.928],[-17.428,0.643],[-3.585,-10.748],[-12.055,-20.502],[-12.055,-20.619],[-5.045,-29.556],[-15.91,-38.609],[-25.84,-35.689],[-24.496,-31.951],[-16.903,-34.462],[-10.244,-28.738],[-18.714,-22.313],[-21.576,-22.313],[-21.576,-18.458],[-18.714,-18.458],[-8.901,-10.864],[-17.487,-3.505],[-25.898,-5.899]]},"ix":2}},{"ty":"fl","bm":0,"hd":false,"mn":"ADBE Vector Graphic - Fill","nm":"Fill 1","c":{"a":0,"k":[0.2,0.7686,0.5059],"ix":4},"r":1,"o":{"a":0,"k":100,"ix":5}},{"ty":"tr","a":{"a":0,"k":[0,0],"ix":1},"s":{"a":0,"k":[100,100],"ix":3},"sk":{"a":0,"k":0,"ix":4},"p":{"a":0,"k":[0,0],"ix":2},"r":{"a":0,"k":0,"ix":6},"sa":{"a":0,"k":0,"ix":5},"o":{"a":0,"k":100,"ix":7}}]},{"ty":"gr","bm":0,"hd":false,"mn":"ADBE Vector Group","nm":"0","ix":2,"cix":2,"np":5,"it":[{"ty":"sh","bm":0,"hd":false,"mn":"ADBE Vector Shape - Group","nm":"0","ix":1,"d":1,"ks":{"a":0,"k":{"c":true,"i":[[8.002,0],[0,-12.734],[-7.418,0],[0,12.909]],"o":[[-7.71,0],[0.117,12.558],[8.411,0],[0,-12.091]],"v":[[15.304,-38.609],[2.103,-18.867],[14.661,0.643],[27.862,-19.392]]},"ix":2}},{"ty":"sh","bm":0,"hd":false,"mn":"ADBE Vector Shape - Group","nm":"0","ix":2,"d":1,"ks":{"a":0,"k":{"c":true,"i":[[-4.498,0],[0,-9.346],[5.257,0],[0,9.871]],"o":[[5.315,0],[0,9.696],[-4.673,0],[0,-10.339]],"v":[[15.012,-34.638],[22.722,-19.159],[14.953,-3.329],[7.243,-18.808]]},"ix":2}},{"ty":"mm","bm":0,"hd":false,"mn":"ADBE Vector Filter - Merge","nm":"Merge Paths 1","mm":1},{"ty":"fl","bm":0,"hd":false,"mn":"ADBE Vector Graphic - Fill","nm":"Fill 1","c":{"a":0,"k":[0.2,0.7686,0.5059],"ix":4},"r":1,"o":{"a":0,"k":100,"ix":5}},{"ty":"tr","a":{"a":0,"k":[0,0],"ix":1},"s":{"a":0,"k":[100,100],"ix":3},"sk":{"a":0,"k":0,"ix":4},"p":{"a":0,"k":[0,0],"ix":2},"r":{"a":0,"k":0,"ix":6},"sa":{"a":0,"k":0,"ix":5},"o":{"a":0,"k":100,"ix":7}}]}],"ind":30},{"ty":4,"nm":"1 Outlines","sr":1,"st":0,"op":120,"ip":0,"hd":false,"ddd":0,"bm":0,"hasMask":false,"ao":0,"ks":{"a":{"a":0,"k":[-3.328,-20.702,0],"ix":1},"s":{"a":0,"k":[454,454,100],"ix":6},"sk":{"a":0,"k":0},"p":{"a":0,"k":[192.83,9536.647,0],"ix":2},"r":{"a":0,"k":0,"ix":10},"sa":{"a":0,"k":0},"o":{"a":0,"k":100,"ix":11}},"ef":[],"shapes":[{"ty":"gr","bm":0,"hd":false,"mn":"ADBE Vector Group","nm":"1","ix":1,"cix":2,"np":3,"it":[{"ty":"sh","bm":0,"hd":false,"mn":"ADBE Vector Shape - Group","nm":"1","ix":1,"d":1,"ks":{"a":0,"k":{"c":true,"i":[[0,0],[0,0],[0,0],[0,0],[0,0],[0,0],[0,0],[0,0]],"o":[[0,0],[0,0],[0,0],[0,0],[0,0],[0,0],[0,0],[0,0]],"v":[[-1.092,0],[3.873,0],[3.873,-37.967],[-0.508,-37.967],[-8.802,-33.528],[-7.809,-29.614],[-1.208,-33.177],[-1.092,-33.177]]},"ix":2}},{"ty":"fl","bm":0,"hd":false,"mn":"ADBE Vector Graphic - Fill","nm":"Fill 1","c":{"a":0,"k":[0.2,0.7686,0.5059],"ix":4},"r":1,"o":{"a":0,"k":100,"ix":5}},{"ty":"tr","a":{"a":0,"k":[0,0],"ix":1},"s":{"a":0,"k":[100,100],"ix":3},"sk":{"a":0,"k":0,"ix":4},"p":{"a":0,"k":[0,0],"ix":2},"r":{"a":0,"k":0,"ix":6},"sa":{"a":0,"k":0,"ix":5},"o":{"a":0,"k":100,"ix":7}}]}],"ind":31}]}]}