{
  "project_info": {
    "project_number": "429966870925",
    "project_id": "agenda-app-5ee64",
    "storage_bucket": "agenda-app-5ee64.appspot.com"
  },
  "client": [
    {
      "client_info": {
        "mobilesdk_app_id": "1:429966870925:android:47243b11c1de41ea6695c4",
        "android_client_info": {
          "package_name": "com.example.agenda"
        }
      },
      "oauth_client": [],
      "api_key": [
        {
          "current_key": "AIzaSyAkzudKdCgkhbda40pQU0avyMUD13vLqY8"
        }
      ],
      "services": {
        "appinvite_service": {
          "other_platform_oauth_client": []
        }
      }
    }
  ],
  "configuration_version": "1"
}